GameId,Event,Result,eval,EloDiff,MeanElo,BaseTime,IncrementTime,time_diff_norm,white_remaining_time_norm,black_remaining_time_norm,GameDurations_norm,chess_moves_list,is_checkmate_countdown,i_move
34384,Rated Classical game,1-0,0.09,34,1530.0,600,0,0.0,1.0,1.0,0.0,e3,False,1
34384,Rated Classical game,1-0,0.0,34,1530.0,600,0,0.0,1.0,1.0,0.0,d5,False,2
34384,Rated Classical game,1-0,0.07,34,1530.0,600,0,-0.0033333333333333,0.9966666666666668,1.0,0.0033333333333333,d4,False,3
34384,Rated Classical game,1-0,0.02,34,1530.0,600,0,0.0133333333333333,0.9966666666666668,0.9833333333333332,0.02,e6,False,4
34384,Rated Classical game,1-0,0.09,34,1530.0,600,0,0.01,0.9933333333333332,0.9833333333333332,0.0233333333333333,c4,False,5
34384,Rated Classical game,1-0,0.15,34,1530.0,600,0,0.0283333333333333,0.9933333333333332,0.965,0.0416666666666666,Nf6,False,6
34384,Rated Classical game,1-0,0.04,34,1530.0,600,0,0.0216666666666666,0.9866666666666668,0.965,0.0483333333333333,Nc3,False,7
34384,Rated Classical game,1-0,0.26,34,1530.0,600,0,0.0266666666666666,0.9866666666666668,0.96,0.0533333333333333,Bb4,False,8
34384,Rated Classical game,1-0,-0.17,34,1530.0,600,0,0.0216666666666666,0.9816666666666668,0.96,0.0583333333333333,Ne2,False,9
34384,Rated Classical game,1-0,0.02,34,1530.0,600,0,0.0366666666666666,0.9816666666666668,0.945,0.0733333333333333,O-O,False,10
34384,Rated Classical game,1-0,-0.18,34,1530.0,600,0,0.0316666666666666,0.9766666666666668,0.945,0.0783333333333333,Bd2,False,11
34384,Rated Classical game,1-0,0.35,34,1530.0,600,0,0.0366666666666666,0.9766666666666668,0.94,0.0833333333333333,Bxc3,False,12
34384,Rated Classical game,1-0,0.36,34,1530.0,600,0,0.0183333333333333,0.9583333333333334,0.94,0.1016666666666666,Nxc3,False,13
34384,Rated Classical game,1-0,0.41,34,1530.0,600,0,0.0283333333333333,0.9583333333333334,0.93,0.1116666666666666,c6,False,14
34384,Rated Classical game,1-0,0.18,34,1530.0,600,0,0.0233333333333333,0.9533333333333334,0.93,0.1166666666666666,Qb3,False,15
34384,Rated Classical game,1-0,0.15,34,1530.0,600,0,0.0316666666666666,0.9533333333333334,0.9216666666666666,0.125,b6,False,16
34384,Rated Classical game,1-0,0.07,34,1530.0,600,0,0.0266666666666666,0.9483333333333334,0.9216666666666666,0.13,cxd5,False,17
34384,Rated Classical game,1-0,0.1,34,1530.0,600,0,0.03,0.9483333333333334,0.9183333333333332,0.1333333333333333,exd5,False,18
34384,Rated Classical game,1-0,-0.07,34,1530.0,600,0,0.0116666666666666,0.93,0.9183333333333332,0.1516666666666666,Bd3,False,19
34384,Rated Classical game,1-0,0.23,34,1530.0,600,0,0.0383333333333333,0.93,0.8916666666666667,0.1783333333333333,Nbd7,False,20
34384,Rated Classical game,1-0,0.23,34,1530.0,600,0,0.0333333333333333,0.925,0.8916666666666667,0.1833333333333333,Qc2,False,21
34384,Rated Classical game,1-0,0.21,34,1530.0,600,0,0.04,0.925,0.885,0.19,c5,False,22
34384,Rated Classical game,1-0,0.2,34,1530.0,600,0,-0.0266666666666666,0.8583333333333333,0.885,0.2566666666666666,O-O,False,23
34384,Rated Classical game,1-0,0.64,34,1530.0,600,0,-0.0166666666666666,0.8583333333333333,0.875,0.2666666666666666,c4,False,24
34384,Rated Classical game,1-0,-0.1,34,1530.0,600,0,-0.0316666666666666,0.8433333333333334,0.875,0.2816666666666667,Bf5,False,25
34384,Rated Classical game,1-0,0.39,34,1530.0,600,0,-0.0166666666666666,0.8433333333333334,0.86,0.2966666666666667,a6,False,26
34384,Rated Classical game,1-0,-0.02,34,1530.0,600,0,-0.04,0.82,0.86,0.32,Rfe1,False,27
34384,Rated Classical game,1-0,0.47,34,1530.0,600,0,-0.0316666666666666,0.82,0.8516666666666667,0.3283333333333333,Nb8,False,28
34384,Rated Classical game,1-0,0.33,34,1530.0,600,0,-0.0516666666666666,0.8,0.8516666666666667,0.3483333333333333,Bxc8,False,29
34384,Rated Classical game,1-0,0.4,34,1530.0,600,0,-0.045,0.8,0.845,0.355,Qxc8,False,30
34384,Rated Classical game,1-0,0.47,34,1530.0,600,0,-0.0533333333333333,0.7916666666666666,0.845,0.3633333333333333,e4,False,31
34384,Rated Classical game,1-0,0.44,34,1530.0,600,0,-0.045,0.7916666666666666,0.8366666666666667,0.3716666666666666,dxe4,False,32
34384,Rated Classical game,1-0,0.31,34,1530.0,600,0,-0.0516666666666666,0.785,0.8366666666666667,0.3783333333333333,Nxe4,False,33
34384,Rated Classical game,1-0,0.38,34,1530.0,600,0,-0.0433333333333333,0.785,0.8283333333333334,0.3866666666666666,Nxe4,False,34
34384,Rated Classical game,1-0,0.47,34,1530.0,600,0,-0.0533333333333333,0.775,0.8283333333333334,0.3966666666666666,Qxe4,False,35
34384,Rated Classical game,1-0,0.55,34,1530.0,600,0,-0.0483333333333333,0.775,0.8233333333333334,0.4016666666666666,Nd7,False,36
34384,Rated Classical game,1-0,0.0,34,1530.0,600,0,-0.1116666666666666,0.7116666666666667,0.8233333333333334,0.465,Qg4,False,37
34384,Rated Classical game,1-0,0.0,34,1530.0,600,0,-0.1016666666666666,0.7116666666666667,0.8133333333333334,0.475,Nf6,False,38
34384,Rated Classical game,1-0,-0.39,34,1530.0,600,0,-0.1116666666666666,0.7016666666666667,0.8133333333333334,0.485,Qxc8,False,39
34384,Rated Classical game,1-0,-0.27,34,1530.0,600,0,-0.1066666666666666,0.7016666666666667,0.8083333333333333,0.49,Raxc8,False,40
34384,Rated Classical game,1-0,-0.56,34,1530.0,600,0,-0.1266666666666666,0.6816666666666666,0.8083333333333333,0.51,Be3,False,41
34384,Rated Classical game,1-0,-0.43,34,1530.0,600,0,-0.12,0.6816666666666666,0.8016666666666666,0.5166666666666667,b5,False,42
34384,Rated Classical game,1-0,-0.63,34,1530.0,600,0,-0.1433333333333333,0.6583333333333333,0.8016666666666666,0.54,h4,False,43
34384,Rated Classical game,1-0,-0.6,34,1530.0,600,0,-0.1133333333333333,0.6583333333333333,0.7716666666666666,0.57,Rcd8,False,44
34384,Rated Classical game,1-0,-0.97,34,1530.0,600,0,-0.13,0.6416666666666667,0.7716666666666666,0.5866666666666667,Red1,False,45
34384,Rated Classical game,1-0,-0.64,34,1530.0,600,0,-0.0966666666666666,0.6416666666666667,0.7383333333333333,0.62,Rd5,False,46
34384,Rated Classical game,1-0,-0.82,34,1530.0,600,0,-0.14,0.5983333333333334,0.7383333333333333,0.6633333333333333,g3,False,47
34384,Rated Classical game,1-0,-0.65,34,1530.0,600,0,-0.1283333333333333,0.5983333333333334,0.7266666666666667,0.675,Re8,False,48
34384,Rated Classical game,1-0,-1.23,34,1530.0,600,0,-0.135,0.5916666666666667,0.7266666666666667,0.6816666666666666,a4,False,49
34384,Rated Classical game,1-0,-0.13,34,1530.0,600,0,-0.1266666666666666,0.5916666666666667,0.7183333333333334,0.69,Ng4,False,50
34384,Rated Classical game,1-0,-0.66,34,1530.0,600,0,-0.1566666666666666,0.5616666666666666,0.7183333333333334,0.72,Bf4,False,51
34384,Rated Classical game,1-0,-0.92,34,1530.0,600,0,-0.1033333333333333,0.5616666666666666,0.665,0.7733333333333333,b4,False,52
34384,Rated Classical game,1-0,-0.97,34,1530.0,600,0,-0.13,0.535,0.665,0.8,Rdc1,False,53
34384,Rated Classical game,1-0,-0.83,34,1530.0,600,0,-0.1166666666666666,0.535,0.6516666666666666,0.8133333333333334,Rc8,False,54
34384,Rated Classical game,1-0,-1.41,34,1530.0,600,0,-0.14,0.5116666666666667,0.6516666666666666,0.8366666666666667,f3,False,55
34384,Rated Classical game,1-0,-1.12,34,1530.0,600,0,-0.125,0.5116666666666667,0.6366666666666667,0.8516666666666667,Nf6,False,56
34384,Rated Classical game,1-0,-1.65,34,1530.0,600,0,-0.1383333333333333,0.4983333333333333,0.6366666666666667,0.865,Be3,False,57
34384,Rated Classical game,1-0,0.0,34,1530.0,600,0,-0.11,0.4983333333333333,0.6083333333333333,0.8933333333333333,Re8,False,58
34384,Rated Classical game,1-0,-1.45,34,1530.0,600,0,-0.1216666666666666,0.4866666666666667,0.6083333333333333,0.905,Re1,False,59
34384,Rated Classical game,1-0,-1.28,34,1530.0,600,0,-0.0666666666666666,0.4866666666666667,0.5533333333333333,0.96,a5,False,60
34384,Rated Classical game,1-0,-1.53,34,1530.0,600,0,-0.0783333333333333,0.475,0.5533333333333333,0.9716666666666668,Rac1,False,61
34384,Rated Classical game,1-0,-1.47,34,1530.0,600,0,-0.0133333333333333,0.475,0.4883333333333333,1.0366666666666666,Rc8,False,62
34384,Rated Classical game,1-0,-1.6,34,1530.0,600,0,-0.0266666666666666,0.4616666666666666,0.4883333333333333,1.05,b3,False,63
34384,Rated Classical game,1-0,-1.27,34,1530.0,600,0,-0.0216666666666666,0.4616666666666666,0.4833333333333333,1.055,c3,False,64
34384,Rated Classical game,1-0,-2.6,34,1530.0,600,0,-0.0666666666666666,0.4166666666666667,0.4833333333333333,1.1,Bf4,False,65
34384,Rated Classical game,1-0,-2.66,34,1530.0,600,0,0.11,0.4166666666666667,0.3066666666666666,1.2766666666666666,Nh5,False,66
34384,Rated Classical game,1-0,-5.25,34,1530.0,600,0,0.095,0.4016666666666666,0.3066666666666666,1.2916666666666667,Be5,False,67
34384,Rated Classical game,1-0,-5.18,34,1530.0,600,0,0.1083333333333333,0.4016666666666666,0.2933333333333333,1.305,f6,False,68
34384,Rated Classical game,1-0,-4.95,34,1530.0,600,0,0.0633333333333333,0.3566666666666667,0.2933333333333333,1.35,Bf4,False,69
34384,Rated Classical game,1-0,-4.88,34,1530.0,600,0,0.135,0.3566666666666667,0.2216666666666666,1.4216666666666666,Nxf4,False,70
34384,Rated Classical game,1-0,-4.84,34,1530.0,600,0,0.1266666666666666,0.3483333333333333,0.2216666666666666,1.43,gxf4,False,71
34384,Rated Classical game,1-0,-4.61,34,1530.0,600,0,0.1366666666666666,0.3483333333333333,0.2116666666666666,1.44,Rxd4,False,72
34384,Rated Classical game,1-0,-5.98,34,1530.0,600,0,0.1033333333333333,0.315,0.2116666666666666,1.4733333333333334,Re4,False,73
34384,Rated Classical game,1-0,-4.25,34,1530.0,600,0,0.12,0.315,0.195,1.49,Rd3,False,74
34384,Rated Classical game,1-0,-4.07,34,1530.0,600,0,0.1066666666666666,0.3016666666666667,0.195,1.5033333333333334,Kf2,False,75
34384,Rated Classical game,1-0,-3.81,34,1530.0,600,0,0.12,0.3016666666666667,0.1816666666666666,1.5166666666666666,Rd2+,False,76
34384,Rated Classical game,1-0,-5.48,34,1530.0,600,0,0.1133333333333333,0.295,0.1816666666666666,1.5233333333333334,Ke3,False,77
34384,Rated Classical game,1-0,-5.35,34,1530.0,600,0,0.1183333333333333,0.295,0.1766666666666666,1.528333333333333,Rcd8,False,78
34384,Rated Classical game,1-0,-5.29,34,1530.0,600,0,0.075,0.2516666666666666,0.1766666666666666,1.5716666666666668,f5,False,79
34384,Rated Classical game,1-0,-5.18,34,1530.0,600,0,0.095,0.2516666666666666,0.1566666666666666,1.5916666666666666,Rb2,False,80
34384,Rated Classical game,1-0,-5.11,34,1530.0,600,0,0.0683333333333333,0.225,0.1566666666666666,1.6183333333333334,Rc4,False,81
34384,Rated Classical game,1-0,-4.89,34,1530.0,600,0,0.0966666666666666,0.225,0.1283333333333333,1.6466666666666667,Rxb3,False,82
34384,Rated Classical game,1-0,-5.54,34,1530.0,600,0,0.085,0.2133333333333333,0.1283333333333333,1.6583333333333334,Rc5,False,83
34384,Rated Classical game,1-0,-2.73,34,1530.0,600,0,0.095,0.2133333333333333,0.1183333333333333,1.6683333333333332,c2+,False,84
34384,Rated Classical game,1-0,-3.01,34,1530.0,600,0,0.0833333333333333,0.2016666666666666,0.1183333333333333,1.68,Kf4,False,85
34384,Rated Classical game,1-0,-2.87,34,1530.0,600,0,0.0983333333333333,0.2016666666666666,0.1033333333333333,1.695,Rb1,False,86
34384,Rated Classical game,1-0,-2.76,34,1530.0,600,0,0.095,0.1983333333333333,0.1033333333333333,1.6983333333333333,R1xc2,False,87
34384,Rated Classical game,1-0,-2.3,34,1530.0,600,0,0.1083333333333333,0.1983333333333333,0.09,1.711666666666667,b3,False,88
34384,Rated Classical game,1-0,-6.07,34,1530.0,600,0,0.095,0.185,0.09,1.725,R2c3,False,89
34384,Rated Classical game,1-0,-0.62,34,1530.0,600,0,0.105,0.185,0.08,1.735,Rd4+,False,90
34384,Rated Classical game,1-0,-1.1,34,1530.0,600,0,0.1,0.18,0.08,1.74,Kg3,False,91
34384,Rated Classical game,1-0,2.0,34,1530.0,600,0,0.1116666666666666,0.18,0.0683333333333333,1.7516666666666667,Rxa4,True,92
34384,Rated Classical game,1-0,-6.28,34,1530.0,600,0,0.095,0.1633333333333333,0.0683333333333333,1.768333333333333,Rb5,False,93
34384,Rated Classical game,1-0,2.0,34,1530.0,600,0,0.1,0.1633333333333333,0.0633333333333333,1.7733333333333334,b2,True,94
34384,Rated Classical game,1-0,-3.06,34,1530.0,600,0,0.0966666666666666,0.16,0.0633333333333333,1.7766666666666666,Rcb3,False,95
34384,Rated Classical game,1-0,2.0,34,1530.0,600,0,0.1116666666666666,0.16,0.0483333333333333,1.7916666666666667,Ra2,True,96
34384,Rated Classical game,1-0,1.0,34,1530.0,600,0,0.1033333333333333,0.1516666666666666,0.0483333333333333,1.8,Rb8+,True,97
34384,Rated Classical game,1-0,1.0,34,1530.0,600,0,0.1183333333333333,0.1516666666666666,0.0333333333333333,1.815,Kf7,True,98
145022,Rated Blitz game,1-0,0.04,22,1630.0,300,0,0.0,1.0,1.0,0.0,d4,False,1
145022,Rated Blitz game,1-0,0.56,22,1630.0,300,0,0.0,1.0,1.0,0.0,g6,False,2
145022,Rated Blitz game,1-0,0.29,22,1630.0,300,0,-0.0033333333333333,0.9966666666666668,1.0,0.0033333333333333,c4,False,3
145022,Rated Blitz game,1-0,0.43,22,1630.0,300,0,-0.0033333333333333,0.9966666666666668,1.0,0.0033333333333333,Bg7,False,4
145022,Rated Blitz game,1-0,0.43,22,1630.0,300,0,-0.0066666666666666,0.9933333333333332,1.0,0.0066666666666666,Nc3,False,5
145022,Rated Blitz game,1-0,0.87,22,1630.0,300,0,0.0033333333333333,0.9933333333333332,0.99,0.0166666666666666,c6,False,6
145022,Rated Blitz game,1-0,0.21,22,1630.0,300,0,-0.02,0.97,0.99,0.04,Bf4,False,7
145022,Rated Blitz game,1-0,0.38,22,1630.0,300,0,-0.0133333333333333,0.97,0.9833333333333332,0.0466666666666666,d6,False,8
145022,Rated Blitz game,1-0,0.06,22,1630.0,300,0,-0.0233333333333333,0.96,0.9833333333333332,0.0566666666666666,e3,False,9
145022,Rated Blitz game,1-0,0.24,22,1630.0,300,0,-0.01,0.96,0.97,0.07,Nd7,False,10
145022,Rated Blitz game,1-0,0.01,22,1630.0,300,0,-0.0366666666666666,0.9333333333333332,0.97,0.0966666666666666,Nf3,False,11
145022,Rated Blitz game,1-0,0.59,22,1630.0,300,0,-0.0233333333333333,0.9333333333333332,0.9566666666666668,0.11,f6,False,12
145022,Rated Blitz game,1-0,0.18,22,1630.0,300,0,-0.0333333333333333,0.9233333333333332,0.9566666666666668,0.12,Bd3,False,13
145022,Rated Blitz game,1-0,0.27,22,1630.0,300,0,-0.03,0.9233333333333332,0.9533333333333334,0.1233333333333333,e5,False,14
145022,Rated Blitz game,1-0,-0.19,22,1630.0,300,0,-0.0366666666666666,0.9166666666666666,0.9533333333333334,0.13,dxe5,False,15
145022,Rated Blitz game,1-0,0.46,22,1630.0,300,0,-0.0333333333333333,0.9166666666666666,0.95,0.1333333333333333,fxe5,False,16
145022,Rated Blitz game,1-0,0.14,22,1630.0,300,0,-0.0433333333333333,0.9066666666666666,0.95,0.1433333333333333,Bg3,False,17
145022,Rated Blitz game,1-0,0.33,22,1630.0,300,0,-0.0333333333333333,0.9066666666666666,0.94,0.1533333333333333,Ne7,False,18
145022,Rated Blitz game,1-0,0.05,22,1630.0,300,0,-0.0433333333333333,0.8966666666666666,0.94,0.1633333333333333,Qc2,False,19
145022,Rated Blitz game,1-0,0.33,22,1630.0,300,0,-0.0233333333333333,0.8966666666666666,0.92,0.1833333333333333,O-O,False,20
145022,Rated Blitz game,1-0,0.16,22,1630.0,300,0,-0.0366666666666666,0.8833333333333333,0.92,0.1966666666666666,h4,False,21
145022,Rated Blitz game,1-0,0.35,22,1630.0,300,0,-0.02,0.8833333333333333,0.9033333333333332,0.2133333333333333,Nf6,False,22
145022,Rated Blitz game,1-0,-0.41,22,1630.0,300,0,-0.0533333333333333,0.85,0.9033333333333332,0.2466666666666666,Ne4,False,23
145022,Rated Blitz game,1-0,-0.31,22,1630.0,300,0,0.0066666666666666,0.85,0.8433333333333334,0.3066666666666666,Nxe4,False,24
145022,Rated Blitz game,1-0,-0.31,22,1630.0,300,0,0.0033333333333333,0.8466666666666667,0.8433333333333334,0.31,Bxe4,False,25
145022,Rated Blitz game,1-0,-0.23,22,1630.0,300,0,0.01,0.8466666666666667,0.8366666666666667,0.3166666666666666,d5,False,26
145022,Rated Blitz game,1-0,-0.29,22,1630.0,300,0,-0.0033333333333333,0.8333333333333334,0.8366666666666667,0.33,cxd5,False,27
145022,Rated Blitz game,1-0,-0.35,22,1630.0,300,0,0.0,0.8333333333333334,0.8333333333333334,0.3333333333333333,cxd5,False,28
145022,Rated Blitz game,1-0,-3.26,22,1630.0,300,0,-0.05,0.7833333333333333,0.8333333333333334,0.3833333333333333,Bxd5+,False,29
145022,Rated Blitz game,1-0,-3.39,22,1630.0,300,0,0.0333333333333333,0.7833333333333333,0.75,0.4666666666666667,Qxd5,False,30
145022,Rated Blitz game,1-0,-3.88,22,1630.0,300,0,-0.08,0.67,0.75,0.58,h5,False,31
145022,Rated Blitz game,1-0,-3.75,22,1630.0,300,0,-0.04,0.67,0.71,0.62,Bf5,False,32
145022,Rated Blitz game,1-0,-3.84,22,1630.0,300,0,-0.1566666666666666,0.5533333333333333,0.71,0.7366666666666667,Qa4,False,33
145022,Rated Blitz game,1-0,-3.19,22,1630.0,300,0,-0.12,0.5533333333333333,0.6733333333333333,0.7733333333333333,b5,False,34
145022,Rated Blitz game,1-0,-4.71,22,1630.0,300,0,-0.1666666666666666,0.5066666666666667,0.6733333333333333,0.82,Qa6,False,35
145022,Rated Blitz game,1-0,-2.95,22,1630.0,300,0,-0.09,0.5066666666666667,0.5966666666666667,0.8966666666666666,Rfc8,False,36
145022,Rated Blitz game,1-0,-2.74,22,1630.0,300,0,-0.0966666666666666,0.5,0.5966666666666667,0.9033333333333332,Rd1,False,37
145022,Rated Blitz game,1-0,-2.56,22,1630.0,300,0,-0.0666666666666666,0.5,0.5666666666666667,0.9333333333333332,Qc5,False,38
145022,Rated Blitz game,1-0,-2.89,22,1630.0,300,0,-0.1266666666666666,0.44,0.5666666666666667,0.9933333333333332,hxg6,False,39
145022,Rated Blitz game,1-0,-1.62,22,1630.0,300,0,-0.1166666666666666,0.44,0.5566666666666666,1.0033333333333334,Bxg6,False,40
145022,Rated Blitz game,1-0,-4.76,22,1630.0,300,0,-0.1533333333333333,0.4033333333333333,0.5566666666666666,1.04,Ng5,False,41
145022,Rated Blitz game,1-0,-4.61,22,1630.0,300,0,-0.07,0.4033333333333333,0.4733333333333333,1.1233333333333333,Rc6,False,42
145022,Rated Blitz game,1-0,-5.05,22,1630.0,300,0,-0.1166666666666666,0.3566666666666667,0.4733333333333333,1.17,Qb7,False,43
145022,Rated Blitz game,1-0,-3.28,22,1630.0,300,0,0.0066666666666666,0.3566666666666667,0.35,1.2933333333333332,Rac8,False,44
145022,Rated Blitz game,1-0,-3.06,22,1630.0,300,0,-0.09,0.26,0.35,1.39,O-O,False,45
145022,Rated Blitz game,1-0,-2.73,22,1630.0,300,0,-0.05,0.26,0.31,1.43,R6c7,False,46
145022,Rated Blitz game,1-0,-2.83,22,1630.0,300,0,-0.09,0.22,0.31,1.47,Qf3,False,47
145022,Rated Blitz game,1-0,-2.16,22,1630.0,300,0,-0.03,0.22,0.25,1.53,Rf8,False,48
145022,Rated Blitz game,1-0,-2.79,22,1630.0,300,0,-0.07,0.18,0.25,1.57,Qg4,False,49
145022,Rated Blitz game,1-0,-2.8,22,1630.0,300,0,-0.04,0.18,0.22,1.6,Bf5,False,50
145022,Rated Blitz game,1-0,-2.83,22,1630.0,300,0,-0.0933333333333333,0.1266666666666666,0.22,1.653333333333333,Qh5,False,51
145022,Rated Blitz game,1-0,-2.64,22,1630.0,300,0,-0.07,0.1266666666666666,0.1966666666666666,1.6766666666666667,Bg6,False,52
145022,Rated Blitz game,1-0,-3.69,22,1630.0,300,0,-0.0733333333333333,0.1233333333333333,0.1966666666666666,1.68,Qh4,False,53
145022,Rated Blitz game,1-0,-3.57,22,1630.0,300,0,-0.0533333333333333,0.1233333333333333,0.1766666666666666,1.7,Nf5,False,54
145022,Rated Blitz game,1-0,-3.64,22,1630.0,300,0,-0.08,0.0966666666666666,0.1766666666666666,1.7266666666666666,Qh2,False,55
145022,Rated Blitz game,1-0,0.12,22,1630.0,300,0,-0.0566666666666666,0.0966666666666666,0.1533333333333333,1.75,Rf6,False,56
145022,Rated Blitz game,1-0,0.27,22,1630.0,300,0,-0.0666666666666666,0.0866666666666666,0.1533333333333333,1.76,Bxe5,False,57
145022,Rated Blitz game,1-0,3.43,22,1630.0,300,0,-0.0066666666666666,0.0866666666666666,0.0933333333333333,1.82,Rf8,False,58
145022,Rated Blitz game,1-0,3.37,22,1630.0,300,0,-0.0133333333333333,0.08,0.0933333333333333,1.8266666666666669,Bxc7,False,59
145022,Rated Blitz game,1-0,11.7,22,1630.0,300,0,-0.0033333333333333,0.08,0.0833333333333333,1.836666666666667,Qxc7,False,60
145022,Rated Blitz game,1-0,11.62,22,1630.0,300,0,-0.0066666666666666,0.0766666666666666,0.0833333333333333,1.84,Qxc7,False,61
145022,Rated Blitz game,1-0,17.79,22,1630.0,300,0,0.02,0.0766666666666666,0.0566666666666666,1.8666666666666667,Nh4,False,62
145022,Rated Blitz game,1-0,14.68,22,1630.0,300,0,0.0,0.0566666666666666,0.0566666666666666,1.8866666666666667,Rd7,False,63
145022,Rated Blitz game,1-0,24.91,22,1630.0,300,0,0.01,0.0566666666666666,0.0466666666666666,1.8966666666666667,Nf5,False,64
145022,Rated Blitz game,1-0,19.0,22,1630.0,300,0,0.0033333333333333,0.05,0.0466666666666666,1.903333333333333,g4,False,65
145022,Rated Blitz game,1-0,89.15,22,1630.0,300,0,0.03,0.05,0.02,1.93,Be8,False,66
145022,Rated Blitz game,1-0,22.6,22,1630.0,300,0,0.0133333333333333,0.0333333333333333,0.02,1.9466666666666668,gxf5,False,67
145022,Rated Blitz game,1-0,20.71,22,1630.0,300,0,0.0233333333333333,0.0333333333333333,0.01,1.9566666666666668,Bxd7,False,68
145022,Rated Blitz game,1-0,17.31,22,1630.0,300,0,0.0233333333333333,0.0333333333333333,0.01,1.9566666666666668,Qxd7,False,69
145022,Rated Blitz game,1-0,1.0,22,1630.0,300,0,0.03,0.0333333333333333,0.0033333333333333,1.9633333333333332,Bh6,True,70
526527,Rated Classical game,1-0,0.0,48,1494.0,600,0,0.0,1.0,1.0,0.0,c4,False,1
526527,Rated Classical game,1-0,0.22,48,1494.0,600,0,0.0,1.0,1.0,0.0,e5,False,2
526527,Rated Classical game,1-0,0.16,48,1494.0,600,0,-0.0016666666666666,0.9983333333333332,1.0,0.0016666666666666,Nc3,False,3
526527,Rated Classical game,1-0,0.16,48,1494.0,600,0,0.0066666666666666,0.9983333333333332,0.9916666666666668,0.01,Nf6,False,4
526527,Rated Classical game,1-0,-0.25,48,1494.0,600,0,-0.0033333333333333,0.9883333333333332,0.9916666666666668,0.02,d4,False,5
526527,Rated Classical game,1-0,0.76,48,1494.0,600,0,0.0316666666666666,0.9883333333333332,0.9566666666666668,0.055,Bb4,False,6
526527,Rated Classical game,1-0,0.72,48,1494.0,600,0,0.025,0.9816666666666668,0.9566666666666668,0.0616666666666666,dxe5,False,7
526527,Rated Classical game,1-0,1.09,48,1494.0,600,0,0.0333333333333333,0.9816666666666668,0.9483333333333334,0.07,Bxc3+,False,8
526527,Rated Classical game,1-0,1.03,48,1494.0,600,0,0.03,0.9783333333333334,0.9483333333333334,0.0733333333333333,bxc3,False,9
526527,Rated Classical game,1-0,0.99,48,1494.0,600,0,0.0383333333333333,0.9783333333333334,0.94,0.0816666666666666,Ne4,False,10
526527,Rated Classical game,1-0,0.79,48,1494.0,600,0,0.025,0.965,0.94,0.095,Qd4,False,11
526527,Rated Classical game,1-0,0.77,48,1494.0,600,0,0.0533333333333333,0.965,0.9116666666666666,0.1233333333333333,f5,False,12
526527,Rated Classical game,1-0,0.0,48,1494.0,600,0,0.0416666666666666,0.9533333333333334,0.9116666666666666,0.135,g4,False,13
526527,Rated Classical game,1-0,0.0,48,1494.0,600,0,0.055,0.9533333333333334,0.8983333333333333,0.1483333333333333,Nc6,False,14
526527,Rated Classical game,1-0,0.0,48,1494.0,600,0,0.0316666666666666,0.93,0.8983333333333333,0.1716666666666666,Qe3,False,15
526527,Rated Classical game,1-0,1.41,48,1494.0,600,0,0.0666666666666666,0.93,0.8633333333333333,0.2066666666666666,g6,False,16
526527,Rated Classical game,1-0,1.26,48,1494.0,600,0,0.035,0.8983333333333333,0.8633333333333333,0.2383333333333333,gxf5,False,17
526527,Rated Classical game,1-0,1.18,48,1494.0,600,0,0.0383333333333333,0.8983333333333333,0.86,0.2416666666666666,gxf5,False,18
526527,Rated Classical game,1-0,1.21,48,1494.0,600,0,0.0316666666666666,0.8916666666666667,0.86,0.2483333333333333,Bh3,False,19
526527,Rated Classical game,1-0,1.73,48,1494.0,600,0,0.0733333333333333,0.8916666666666667,0.8183333333333334,0.29,Nxe5,False,20
526527,Rated Classical game,1-0,1.43,48,1494.0,600,0,0.055,0.8733333333333333,0.8183333333333334,0.3083333333333333,Bxf5,False,21
526527,Rated Classical game,1-0,6.03,48,1494.0,600,0,0.1083333333333333,0.8733333333333333,0.765,0.3616666666666667,O-O,False,22
526527,Rated Classical game,1-0,4.77,48,1494.0,600,0,0.1033333333333333,0.8683333333333333,0.765,0.3666666666666666,Qxe4,False,23
526527,Rated Classical game,1-0,8.2,48,1494.0,600,0,0.135,0.8683333333333333,0.7333333333333333,0.3983333333333333,Qe8,False,24
526527,Rated Classical game,1-0,8.0,48,1494.0,600,0,0.0966666666666666,0.83,0.7333333333333333,0.4366666666666666,Bxh7+,False,25
526527,Rated Classical game,1-0,9.92,48,1494.0,600,0,0.1216666666666666,0.83,0.7083333333333334,0.4616666666666666,Kh8,False,26
526527,Rated Classical game,1-0,6.86,48,1494.0,600,0,0.11,0.8183333333333334,0.7083333333333334,0.4733333333333333,Bh6,False,27
526527,Rated Classical game,1-0,9.08,48,1494.0,600,0,0.1716666666666666,0.8183333333333334,0.6466666666666666,0.535,Rf7,False,28
526527,Rated Classical game,1-0,7.64,48,1494.0,600,0,0.1483333333333333,0.795,0.6466666666666666,0.5583333333333333,Bg6,False,29
526527,Rated Classical game,1-0,9.88,48,1494.0,600,0,0.205,0.795,0.59,0.615,d6,False,30
526527,Rated Classical game,1-0,7.49,48,1494.0,600,0,0.1916666666666666,0.7816666666666666,0.59,0.6283333333333333,Bxf7,False,31
526527,Rated Classical game,1-0,7.54,48,1494.0,600,0,0.195,0.7816666666666666,0.5866666666666667,0.6316666666666667,Qxf7,False,32
526527,Rated Classical game,1-0,7.37,48,1494.0,600,0,0.155,0.7416666666666667,0.5866666666666667,0.6716666666666666,Nf3,False,33
526527,Rated Classical game,1-0,7.14,48,1494.0,600,0,0.1666666666666666,0.7416666666666667,0.575,0.6833333333333333,Nxf3+,False,34
526527,Rated Classical game,1-0,6.64,48,1494.0,600,0,0.1633333333333333,0.7383333333333333,0.575,0.6866666666666666,Qxf3,False,35
526527,Rated Classical game,1-0,6.65,48,1494.0,600,0,0.1683333333333333,0.7383333333333333,0.57,0.6916666666666667,Qxf3,False,36
526527,Rated Classical game,1-0,6.41,48,1494.0,600,0,0.1666666666666666,0.7366666666666667,0.57,0.6933333333333334,exf3,False,37
526527,Rated Classical game,1-0,6.98,48,1494.0,600,0,0.1783333333333333,0.7366666666666667,0.5583333333333333,0.705,Kh7,False,38
526527,Rated Classical game,1-0,6.86,48,1494.0,600,0,0.155,0.7133333333333334,0.5583333333333333,0.7283333333333334,Be3,False,39
526527,Rated Classical game,1-0,7.54,48,1494.0,600,0,0.16,0.7133333333333334,0.5533333333333333,0.7333333333333333,Bh3,False,40
526527,Rated Classical game,1-0,7.31,48,1494.0,600,0,0.1466666666666666,0.7,0.5533333333333333,0.7466666666666667,Rg1,False,41
526527,Rated Classical game,1-0,8.03,48,1494.0,600,0,0.1666666666666666,0.7,0.5333333333333333,0.7666666666666667,b6,False,42
526527,Rated Classical game,1-0,7.89,48,1494.0,600,0,0.1583333333333333,0.6916666666666667,0.5333333333333333,0.775,Rg3,False,43
526527,Rated Classical game,1-0,7.99,48,1494.0,600,0,0.17,0.6916666666666667,0.5216666666666666,0.7866666666666666,Be6,False,44
526527,Rated Classical game,1-0,7.54,48,1494.0,600,0,0.1483333333333333,0.67,0.5216666666666666,0.8083333333333333,O-O-O,False,45
526527,Rated Classical game,1-0,3.0,48,1494.0,600,0,0.155,0.67,0.515,0.815,Bxc4,True,46
526527,Rated Classical game,1-0,2.0,48,1494.0,600,0,0.1516666666666666,0.6666666666666666,0.515,0.8183333333333334,Rd4,True,47
526527,Rated Classical game,1-0,1.0,48,1494.0,600,0,0.155,0.6666666666666666,0.5116666666666667,0.8216666666666667,Bxa2,True,48
540550,Rated Classical tournament,0-1,0.2,455,1302.5,600,0,0.0,1.0,1.0,0.0,e4,False,1
540550,Rated Classical tournament,0-1,0.16,455,1302.5,600,0,0.0,1.0,1.0,0.0,e6,False,2
540550,Rated Classical tournament,0-1,0.15,455,1302.5,600,0,-0.0033333333333333,0.9966666666666668,1.0,0.0033333333333333,d4,False,3
540550,Rated Classical tournament,0-1,0.2,455,1302.5,600,0,0.0,0.9966666666666668,0.9966666666666668,0.0066666666666666,d5,False,4
540550,Rated Classical tournament,0-1,0.11,455,1302.5,600,0,-0.0083333333333333,0.9883333333333332,0.9966666666666668,0.015,exd5,False,5
540550,Rated Classical tournament,0-1,0.17,455,1302.5,600,0,-0.005,0.9883333333333332,0.9933333333333332,0.0183333333333333,exd5,False,6
540550,Rated Classical tournament,0-1,-0.01,455,1302.5,600,0,-0.0083333333333333,0.985,0.9933333333333332,0.0216666666666666,c4,False,7
540550,Rated Classical tournament,0-1,0.33,455,1302.5,600,0,0.0116666666666666,0.985,0.9733333333333334,0.0416666666666666,c6,False,8
540550,Rated Classical tournament,0-1,-0.32,455,1302.5,600,0,0.0066666666666666,0.98,0.9733333333333334,0.0466666666666666,Qf3,False,9
540550,Rated Classical tournament,0-1,-0.37,455,1302.5,600,0,0.02,0.98,0.96,0.06,Nf6,False,10
540550,Rated Classical tournament,0-1,-2.03,455,1302.5,600,0,0.015,0.975,0.96,0.065,g4,False,11
540550,Rated Classical tournament,0-1,-0.6,455,1302.5,600,0,0.04,0.975,0.935,0.09,Be7,False,12
540550,Rated Classical tournament,0-1,-0.65,455,1302.5,600,0,0.035,0.97,0.935,0.095,g5,False,13
540550,Rated Classical tournament,0-1,-0.85,455,1302.5,600,0,0.0466666666666666,0.97,0.9233333333333332,0.1066666666666666,Ne4,False,14
540550,Rated Classical tournament,0-1,-0.84,455,1302.5,600,0,0.0266666666666666,0.95,0.9233333333333332,0.1266666666666666,Nc3,False,15
540550,Rated Classical tournament,0-1,-0.71,455,1302.5,600,0,0.0366666666666666,0.95,0.9133333333333332,0.1366666666666666,Nxc3,False,16
540550,Rated Classical tournament,0-1,-0.64,455,1302.5,600,0,0.0266666666666666,0.94,0.9133333333333332,0.1466666666666666,bxc3,False,17
540550,Rated Classical tournament,0-1,-0.53,455,1302.5,600,0,0.0466666666666666,0.94,0.8933333333333333,0.1666666666666666,O-O,False,18
540550,Rated Classical tournament,0-1,-0.65,455,1302.5,600,0,0.0316666666666666,0.925,0.8933333333333333,0.1816666666666666,cxd5,False,19
540550,Rated Classical tournament,0-1,-0.1,455,1302.5,600,0,0.0366666666666666,0.925,0.8883333333333333,0.1866666666666666,cxd5,False,20
540550,Rated Classical tournament,0-1,-0.25,455,1302.5,600,0,0.0283333333333333,0.9166666666666666,0.8883333333333333,0.195,Bd3,False,21
540550,Rated Classical tournament,0-1,-0.08,455,1302.5,600,0,0.0366666666666666,0.9166666666666666,0.88,0.2033333333333333,Bxg5,False,22
540550,Rated Classical tournament,0-1,-0.76,455,1302.5,600,0,0.0233333333333333,0.9033333333333332,0.88,0.2166666666666666,Bxg5,False,23
540550,Rated Classical tournament,0-1,-0.68,455,1302.5,600,0,0.03,0.9033333333333332,0.8733333333333333,0.2233333333333333,Qxg5,False,24
540550,Rated Classical tournament,0-1,-1.56,455,1302.5,600,0,0.0266666666666666,0.9,0.8733333333333333,0.2266666666666666,Nh3,False,25
540550,Rated Classical tournament,0-1,-0.85,455,1302.5,600,0,0.0983333333333333,0.9,0.8016666666666666,0.2983333333333333,Qe7+,False,26
540550,Rated Classical tournament,0-1,-1.25,455,1302.5,600,0,0.0866666666666666,0.8883333333333333,0.8016666666666666,0.31,Kd2,False,27
540550,Rated Classical tournament,0-1,1.81,455,1302.5,600,0,0.1316666666666666,0.8883333333333333,0.7566666666666667,0.355,Qf6,False,28
540550,Rated Classical tournament,0-1,-2.41,455,1302.5,600,0,0.1083333333333333,0.865,0.7566666666666667,0.3783333333333333,Qxd5,False,29
540550,Rated Classical tournament,0-1,-2.26,455,1302.5,600,0,0.1533333333333333,0.865,0.7116666666666667,0.4233333333333333,Bxh3,False,30
540550,Rated Classical tournament,0-1,-10.09,455,1302.5,600,0,0.1466666666666666,0.8583333333333333,0.7116666666666667,0.43,Qxb7,False,31
540550,Rated Classical tournament,0-1,-9.06,455,1302.5,600,0,0.1933333333333333,0.8583333333333333,0.665,0.4766666666666667,Nc6,False,32
540550,Rated Classical tournament,0-1,-12.17,455,1302.5,600,0,0.1783333333333333,0.8433333333333334,0.665,0.4916666666666666,d5,False,33
540550,Rated Classical tournament,0-1,-7.79,455,1302.5,600,0,0.1816666666666666,0.8433333333333334,0.6616666666666666,0.495,Ne7,False,34
540550,Rated Classical tournament,0-1,-6.89,455,1302.5,600,0,0.1583333333333333,0.82,0.6616666666666666,0.5183333333333333,Rae1,False,35
540550,Rated Classical tournament,0-1,-5.4,455,1302.5,600,0,0.1916666666666666,0.82,0.6283333333333333,0.5516666666666666,Rae8,False,36
540550,Rated Classical tournament,0-1,-8.6,455,1302.5,600,0,0.1666666666666666,0.795,0.6283333333333333,0.5766666666666667,c4,False,37
540550,Rated Classical tournament,0-1,-8.36,455,1302.5,600,0,0.1766666666666666,0.795,0.6183333333333333,0.5866666666666667,Qxf2+,False,38
540550,Rated Classical tournament,0-1,-8.1,455,1302.5,600,0,0.1633333333333333,0.7816666666666666,0.6183333333333333,0.6,Re2,False,39
540550,Rated Classical tournament,0-1,-5.43,455,1302.5,600,0,0.19,0.7816666666666666,0.5916666666666667,0.6266666666666667,Qf6,False,40
540550,Rated Classical tournament,0-1,-10.68,455,1302.5,600,0,0.1366666666666666,0.7283333333333334,0.5916666666666667,0.68,c5,False,41
540550,Rated Classical tournament,0-1,-9.68,455,1302.5,600,0,0.1933333333333333,0.7283333333333334,0.535,0.7366666666666667,Bg4,False,42
540550,Rated Classical tournament,0-1,-13.06,455,1302.5,600,0,0.1533333333333333,0.6883333333333334,0.535,0.7766666666666666,Re4,False,43
540550,Rated Classical tournament,0-1,-11.37,455,1302.5,600,0,0.205,0.6883333333333334,0.4833333333333333,0.8283333333333334,Qf2+,False,44
540550,Rated Classical tournament,0-1,-11.04,455,1302.5,600,0,0.1883333333333333,0.6716666666666666,0.4833333333333333,0.845,Kc3,False,45
540550,Rated Classical tournament,0-1,-10.83,455,1302.5,600,0,0.1916666666666666,0.6716666666666666,0.48,0.8483333333333334,Qxc5+,False,46
540550,Rated Classical tournament,0-1,-16.6,455,1302.5,600,0,0.1766666666666666,0.6566666666666666,0.48,0.8633333333333333,Kd2,False,47
540550,Rated Classical tournament,0-1,-14.6,455,1302.5,600,0,0.1966666666666666,0.6566666666666666,0.46,0.8833333333333333,Nxd5,False,48
540550,Rated Classical tournament,0-1,-8.0,455,1302.5,600,0,0.1833333333333333,0.6433333333333333,0.46,0.8966666666666666,Rxg4,True,49
540550,Rated Classical tournament,0-1,-7.0,455,1302.5,600,0,0.195,0.6433333333333333,0.4483333333333333,0.9083333333333332,Qc3+,True,50
540550,Rated Classical tournament,0-1,-7.0,455,1302.5,600,0,0.185,0.6333333333333333,0.4483333333333333,0.9183333333333332,Kd1,True,51
540550,Rated Classical tournament,0-1,-6.0,455,1302.5,600,0,0.1933333333333333,0.6333333333333333,0.44,0.9266666666666666,Qxd3+,True,52
540550,Rated Classical tournament,0-1,-6.0,455,1302.5,600,0,0.19,0.63,0.44,0.93,Kc1,True,53
540550,Rated Classical tournament,0-1,6.25,455,1302.5,600,0,0.2466666666666666,0.63,0.3833333333333333,0.9866666666666668,Qc4+,False,54
540550,Rated Classical tournament,0-1,-4.0,455,1302.5,600,0,0.2016666666666666,0.585,0.3833333333333333,1.0316666666666667,Kd1,True,55
540550,Rated Classical tournament,0-1,-6.0,455,1302.5,600,0,0.21,0.585,0.375,1.04,Qxa2,True,56
540550,Rated Classical tournament,0-1,-5.0,455,1302.5,600,0,0.005,0.38,0.375,1.245,Qb5,True,57
540550,Rated Classical tournament,0-1,-4.0,455,1302.5,600,0,0.0133333333333333,0.38,0.3666666666666666,1.2533333333333334,Ne3+,True,58
540550,Rated Classical tournament,0-1,-4.0,455,1302.5,600,0,-0.0033333333333333,0.3633333333333333,0.3666666666666666,1.27,Ke1,True,59
540550,Rated Classical tournament,0-1,-3.0,455,1302.5,600,0,0.0,0.3633333333333333,0.3633333333333333,1.2733333333333334,Nxg4+,True,60
540550,Rated Classical tournament,0-1,-3.0,455,1302.5,600,0,-0.0116666666666666,0.3516666666666667,0.3633333333333333,1.285,Kd1,True,61
540550,Rated Classical tournament,0-1,-2.0,455,1302.5,600,0,-0.0066666666666666,0.3516666666666667,0.3583333333333333,1.29,Nf2+,True,62
540550,Rated Classical tournament,0-1,-2.0,455,1302.5,600,0,-0.0116666666666666,0.3466666666666667,0.3583333333333333,1.295,Kc1,True,63
540550,Rated Classical tournament,0-1,-4.0,455,1302.5,600,0,-0.01,0.3466666666666667,0.3566666666666667,1.2966666666666666,Nxh1,True,64
723527,Rated Classical game,1/2-1/2,0.24,55,1792.5,600,5,0.0,1.0,1.0,0.0,e4,False,1
723527,Rated Classical game,1/2-1/2,0.24,55,1792.5,600,5,0.0,1.0,1.0,0.0,c5,False,2
723527,Rated Classical game,1/2-1/2,0.29,55,1792.5,600,5,0.0066666666666666,1.0066666666666666,1.0,0.0016666666666666,Nf3,False,3
723527,Rated Classical game,1/2-1/2,0.29,55,1792.5,600,5,0.0016666666666666,1.0066666666666666,1.005,0.005,d6,False,4
723527,Rated Classical game,1/2-1/2,0.16,55,1792.5,600,5,0.0083333333333333,1.0133333333333334,1.005,0.0066666666666666,d4,False,5
723527,Rated Classical game,1/2-1/2,0.23,55,1792.5,600,5,0.0016666666666666,1.0133333333333334,1.0116666666666667,0.0083333333333333,cxd4,False,6
723527,Rated Classical game,1/2-1/2,0.19,55,1792.5,600,5,0.0083333333333333,1.02,1.0116666666666667,0.01,Nxd4,False,7
723527,Rated Classical game,1/2-1/2,0.23,55,1792.5,600,5,0.0,1.02,1.02,0.01,Nf6,False,8
723527,Rated Classical game,1/2-1/2,0.31,55,1792.5,600,5,0.005,1.025,1.02,0.0133333333333333,Nc3,False,9
723527,Rated Classical game,1/2-1/2,0.34,55,1792.5,600,5,0.0,1.025,1.025,0.0166666666666666,g6,False,10
723527,Rated Classical game,1/2-1/2,0.28,55,1792.5,600,5,0.0016666666666666,1.0266666666666666,1.025,0.0233333333333333,Bc4,False,11
723527,Rated Classical game,1/2-1/2,0.21,55,1792.5,600,5,-0.005,1.0266666666666666,1.0316666666666667,0.025,Bg7,False,12
723527,Rated Classical game,1/2-1/2,0.17,55,1792.5,600,5,-0.005,1.0266666666666666,1.0316666666666667,0.0333333333333333,O-O,False,13
723527,Rated Classical game,1/2-1/2,0.25,55,1792.5,600,5,-0.01,1.0266666666666666,1.0366666666666666,0.0366666666666666,O-O,False,14
723527,Rated Classical game,1/2-1/2,0.07,55,1792.5,600,5,-0.0083333333333333,1.028333333333333,1.0366666666666666,0.0433333333333333,Be3,False,15
723527,Rated Classical game,1/2-1/2,0.16,55,1792.5,600,5,-0.0116666666666666,1.028333333333333,1.04,0.0483333333333333,Ng4,False,16
723527,Rated Classical game,1/2-1/2,-0.33,55,1792.5,600,5,-0.0483333333333333,0.9916666666666668,1.04,0.0933333333333333,Qd2,False,17
723527,Rated Classical game,1/2-1/2,-0.34,55,1792.5,600,5,-0.0533333333333333,0.9916666666666668,1.045,0.0966666666666666,Nxe3,False,18
723527,Rated Classical game,1/2-1/2,-0.27,55,1792.5,600,5,-0.05,0.995,1.045,0.1016666666666666,Qxe3,False,19
723527,Rated Classical game,1/2-1/2,-0.12,55,1792.5,600,5,-0.0566666666666666,0.995,1.0516666666666667,0.1033333333333333,Nd7,False,20
723527,Rated Classical game,1/2-1/2,-0.21,55,1792.5,600,5,-0.0683333333333333,0.9833333333333332,1.0516666666666667,0.1233333333333333,Rab1,False,21
723527,Rated Classical game,1/2-1/2,-0.25,55,1792.5,600,5,-0.05,0.9833333333333332,1.0333333333333334,0.15,Ne5,False,22
723527,Rated Classical game,1/2-1/2,-0.22,55,1792.5,600,5,-0.0683333333333333,0.965,1.0333333333333334,0.1766666666666666,Bb3,False,23
723527,Rated Classical game,1/2-1/2,-0.07,55,1792.5,600,5,-0.0716666666666666,0.965,1.0366666666666666,0.1816666666666666,Ng4,False,24
723527,Rated Classical game,1/2-1/2,-0.08,55,1792.5,600,5,-0.08,0.9566666666666668,1.0366666666666666,0.1983333333333333,Qd2,False,25
723527,Rated Classical game,1/2-1/2,0.0,55,1792.5,600,5,-0.075,0.9566666666666668,1.0316666666666667,0.2116666666666666,Qb6,False,26
723527,Rated Classical game,1/2-1/2,-0.24,55,1792.5,600,5,-0.0933333333333333,0.9383333333333334,1.0316666666666667,0.2383333333333333,Nf3,False,27
723527,Rated Classical game,1/2-1/2,0.02,55,1792.5,600,5,-0.055,0.9383333333333334,0.9933333333333332,0.285,Bd7,False,28
723527,Rated Classical game,1/2-1/2,0.0,55,1792.5,600,5,-0.0583333333333333,0.935,0.9933333333333332,0.2966666666666667,h3,False,29
723527,Rated Classical game,1/2-1/2,0.24,55,1792.5,600,5,-0.025,0.935,0.96,0.3383333333333333,Ne5,False,30
723527,Rated Classical game,1/2-1/2,0.16,55,1792.5,600,5,-0.04,0.92,0.96,0.3616666666666667,Nxe5,False,31
723527,Rated Classical game,1/2-1/2,0.24,55,1792.5,600,5,-0.0433333333333333,0.92,0.9633333333333334,0.3666666666666666,Bxe5,False,32
723527,Rated Classical game,1/2-1/2,0.12,55,1792.5,600,5,-0.0366666666666666,0.9266666666666666,0.9633333333333334,0.3683333333333333,Nd5,False,33
723527,Rated Classical game,1/2-1/2,0.25,55,1792.5,600,5,-0.0166666666666666,0.9266666666666666,0.9433333333333334,0.3966666666666666,Qd8,False,34
723527,Rated Classical game,1/2-1/2,-0.66,55,1792.5,600,5,-0.0233333333333333,0.92,0.9433333333333334,0.4116666666666667,Qh6,False,35
723527,Rated Classical game,1/2-1/2,-0.55,55,1792.5,600,5,-0.0216666666666666,0.92,0.9416666666666668,0.4216666666666667,e6,False,36
723527,Rated Classical game,1/2-1/2,-0.56,55,1792.5,600,5,-0.05,0.8916666666666667,0.9416666666666668,0.4583333333333333,Ne3,False,37
723527,Rated Classical game,1/2-1/2,-0.22,55,1792.5,600,5,-0.0316666666666666,0.8916666666666667,0.9233333333333332,0.485,Bc6,False,38
723527,Rated Classical game,1/2-1/2,-0.54,55,1792.5,600,5,-0.0416666666666666,0.8816666666666667,0.9233333333333332,0.5033333333333333,Ng4,False,39
723527,Rated Classical game,1/2-1/2,-0.5,55,1792.5,600,5,-0.0216666666666666,0.8816666666666667,0.9033333333333332,0.5316666666666666,Bg7,False,40
723527,Rated Classical game,1/2-1/2,-0.47,55,1792.5,600,5,-0.0383333333333333,0.865,0.9033333333333332,0.5566666666666666,Qe3,False,41
723527,Rated Classical game,1/2-1/2,2.21,55,1792.5,600,5,-0.02,0.865,0.885,0.5833333333333334,Bxe4,False,42
723527,Rated Classical game,1/2-1/2,2.24,55,1792.5,600,5,-0.0283333333333333,0.8566666666666667,0.885,0.6,Qxe4,False,43
723527,Rated Classical game,1/2-1/2,4.31,55,1792.5,600,5,-0.035,0.8566666666666667,0.8916666666666667,0.6016666666666667,f5,False,44
723527,Rated Classical game,1/2-1/2,4.29,55,1792.5,600,5,-0.0283333333333333,0.8633333333333333,0.8916666666666667,0.6033333333333334,Qxe6+,False,45
723527,Rated Classical game,1/2-1/2,4.26,55,1792.5,600,5,-0.0316666666666666,0.8633333333333333,0.895,0.6083333333333333,Kh8,False,46
723527,Rated Classical game,1/2-1/2,4.02,55,1792.5,600,5,-0.0616666666666666,0.8333333333333334,0.895,0.6466666666666666,Ne3,False,47
723527,Rated Classical game,1/2-1/2,4.7,55,1792.5,600,5,-0.065,0.8333333333333334,0.8983333333333333,0.6516666666666666,Re8,False,48
723527,Rated Classical game,1/2-1/2,4.48,55,1792.5,600,5,-0.07,0.8283333333333334,0.8983333333333333,0.665,Qd5,False,49
723527,Rated Classical game,1/2-1/2,5.52,55,1792.5,600,5,-0.0633333333333333,0.8283333333333334,0.8916666666666667,0.68,Bh6,False,50
723527,Rated Classical game,1/2-1/2,4.87,55,1792.5,600,5,-0.0866666666666666,0.805,0.8916666666666667,0.7116666666666667,Rbd1,False,51
723527,Rated Classical game,1/2-1/2,4.82,55,1792.5,600,5,-0.0816666666666666,0.805,0.8866666666666667,0.725,Bxe3,False,52
723527,Rated Classical game,1/2-1/2,4.92,55,1792.5,600,5,-0.1,0.7866666666666666,0.8866666666666667,0.7516666666666667,fxe3,False,53
723527,Rated Classical game,1/2-1/2,5.38,55,1792.5,600,5,-0.105,0.7866666666666666,0.8916666666666667,0.755,Rxe3,False,54
723527,Rated Classical game,1/2-1/2,4.59,55,1792.5,600,5,-0.1116666666666666,0.78,0.8916666666666667,0.77,Qd4+,False,55
723527,Rated Classical game,1/2-1/2,4.43,55,1792.5,600,5,-0.115,0.78,0.895,0.775,Re5,False,56
723527,Rated Classical game,1/2-1/2,3.75,55,1792.5,600,5,-0.1166666666666666,0.7783333333333333,0.895,0.785,Qxe5+,False,57
723527,Rated Classical game,1/2-1/2,3.75,55,1792.5,600,5,-0.1216666666666666,0.7783333333333333,0.9,0.7883333333333333,dxe5,False,58
723527,Rated Classical game,1/2-1/2,3.54,55,1792.5,600,5,-0.12,0.78,0.9,0.795,Rxd8+,False,59
723527,Rated Classical game,1/2-1/2,3.62,55,1792.5,600,5,-0.1283333333333333,0.78,0.9083333333333332,0.795,Rxd8,False,60
723527,Rated Classical game,1/2-1/2,2.31,55,1792.5,600,5,-0.1433333333333333,0.765,0.9083333333333332,0.8183333333333334,Re1,False,61
727279,Rated Blitz game,1/2-1/2,0.25,4,1991.0,180,2,0.0,1.0,1.0,0.0,d4,False,1
727279,Rated Blitz game,1/2-1/2,0.29,4,1991.0,180,2,0.0,1.0,1.0,0.0,d5,False,2
727279,Rated Blitz game,1/2-1/2,0.2,4,1991.0,180,2,0.0055555555555555,1.0055555555555555,1.0,0.0055555555555555,c4,False,3
727279,Rated Blitz game,1/2-1/2,0.27,4,1991.0,180,2,0.0,1.0055555555555555,1.0055555555555555,0.0111111111111111,e6,False,4
727279,Rated Blitz game,1/2-1/2,0.11,4,1991.0,180,2,-0.0055555555555555,1.0,1.0055555555555555,0.0277777777777777,Nc3,False,5
727279,Rated Blitz game,1/2-1/2,0.26,4,1991.0,180,2,-0.0055555555555555,1.0,1.0055555555555555,0.0388888888888888,Nf6,False,6
727279,Rated Blitz game,1/2-1/2,0.06,4,1991.0,180,2,-0.0055555555555555,1.0,1.0055555555555555,0.05,cxd5,False,7
727279,Rated Blitz game,1/2-1/2,0.1,4,1991.0,180,2,-0.0111111111111111,1.0,1.011111111111111,0.0555555555555555,exd5,False,8
727279,Rated Blitz game,1/2-1/2,0.07,4,1991.0,180,2,0.0,1.011111111111111,1.011111111111111,0.0555555555555555,Bg5,False,9
727279,Rated Blitz game,1/2-1/2,0.3,4,1991.0,180,2,0.0055555555555555,1.011111111111111,1.0055555555555555,0.0722222222222222,Nbd7,False,10
727279,Rated Blitz game,1/2-1/2,0.25,4,1991.0,180,2,0.0055555555555555,1.011111111111111,1.0055555555555555,0.0833333333333333,e3,False,11
727279,Rated Blitz game,1/2-1/2,0.21,4,1991.0,180,2,0.0388888888888888,1.011111111111111,0.9722222222222222,0.1277777777777777,Be7,False,12
727279,Rated Blitz game,1/2-1/2,0.26,4,1991.0,180,2,0.0388888888888888,1.011111111111111,0.9722222222222222,0.1388888888888889,Bd3,False,13
727279,Rated Blitz game,1/2-1/2,0.34,4,1991.0,180,2,0.0333333333333333,1.011111111111111,0.9777777777777776,0.1444444444444444,O-O,False,14
727279,Rated Blitz game,1/2-1/2,0.2,4,1991.0,180,2,0.0388888888888888,1.0166666666666666,0.9777777777777776,0.15,Nge2,False,15
727279,Rated Blitz game,1/2-1/2,0.47,4,1991.0,180,2,0.0388888888888888,1.0166666666666666,0.9777777777777776,0.1611111111111111,c5,False,16
727279,Rated Blitz game,1/2-1/2,0.55,4,1991.0,180,2,0.0222222222222222,1.0,0.9777777777777776,0.1888888888888888,O-O,False,17
727279,Rated Blitz game,1/2-1/2,0.51,4,1991.0,180,2,0.0166666666666666,1.0,0.9833333333333332,0.1944444444444444,cxd4,False,18
727279,Rated Blitz game,1/2-1/2,0.66,4,1991.0,180,2,0.0055555555555555,0.9888888888888888,0.9833333333333332,0.2166666666666666,Nxd4,False,19
727279,Rated Blitz game,1/2-1/2,0.63,4,1991.0,180,2,0.0222222222222222,0.9888888888888888,0.9666666666666668,0.2444444444444444,Nc5,False,20
727279,Rated Blitz game,1/2-1/2,0.44,4,1991.0,180,2,0.0111111111111111,0.9777777777777776,0.9666666666666668,0.2666666666666666,Bc2,False,21
727279,Rated Blitz game,1/2-1/2,0.77,4,1991.0,180,2,0.0777777777777777,0.9777777777777776,0.9,0.3444444444444444,Be6,False,22
727279,Rated Blitz game,1/2-1/2,0.23,4,1991.0,180,2,0.0,0.9,0.9,0.4333333333333333,Nxe6,False,23
727279,Rated Blitz game,1/2-1/2,0.33,4,1991.0,180,2,0.0111111111111111,0.9,0.8888888888888888,0.4555555555555555,fxe6,False,24
727279,Rated Blitz game,1/2-1/2,0.2,4,1991.0,180,2,-0.0444444444444444,0.8444444444444444,0.8888888888888888,0.5222222222222223,b4,False,25
727279,Rated Blitz game,1/2-1/2,0.98,4,1991.0,180,2,-0.0277777777777777,0.8444444444444444,0.8722222222222222,0.55,Nce4,False,26
727279,Rated Blitz game,1/2-1/2,0.92,4,1991.0,180,2,-0.05,0.8222222222222222,0.8722222222222222,0.5833333333333334,Nxe4,False,27
727279,Rated Blitz game,1/2-1/2,0.98,4,1991.0,180,2,-0.0388888888888888,0.8222222222222222,0.8611111111111112,0.6055555555555555,Nxe4,False,28
727279,Rated Blitz game,1/2-1/2,0.87,4,1991.0,180,2,-0.0388888888888888,0.8222222222222222,0.8611111111111112,0.6166666666666667,Bxe7,False,29
727279,Rated Blitz game,1/2-1/2,0.92,4,1991.0,180,2,-0.0388888888888888,0.8222222222222222,0.8611111111111112,0.6277777777777778,Qxe7,False,30
727279,Rated Blitz game,1/2-1/2,1.1,4,1991.0,180,2,-0.0444444444444444,0.8166666666666667,0.8611111111111112,0.6444444444444445,Bxe4,False,31
727279,Rated Blitz game,1/2-1/2,1.05,4,1991.0,180,2,-0.05,0.8166666666666667,0.8666666666666667,0.65,dxe4,False,32
727279,Rated Blitz game,1/2-1/2,0.64,4,1991.0,180,2,-0.1722222222222222,0.6944444444444444,0.8666666666666667,0.7833333333333333,a3,False,33
727279,Rated Blitz game,1/2-1/2,0.84,4,1991.0,180,2,-0.1277777777777777,0.6944444444444444,0.8222222222222222,0.8388888888888889,a5,False,34
727279,Rated Blitz game,1/2-1/2,0.64,4,1991.0,180,2,-0.1666666666666666,0.6555555555555556,0.8222222222222222,0.8888888888888888,b5,False,35
727279,Rated Blitz game,1/2-1/2,0.78,4,1991.0,180,2,-0.0777777777777777,0.6555555555555556,0.7333333333333333,0.9888888888888888,Qc5,False,36
727279,Rated Blitz game,1/2-1/2,0.6,4,1991.0,180,2,-0.0944444444444444,0.6388888888888888,0.7333333333333333,1.0166666666666666,Qg4,False,37
727279,Rated Blitz game,1/2-1/2,0.87,4,1991.0,180,2,-0.0444444444444444,0.6388888888888888,0.6833333333333333,1.0777777777777775,Rf6,False,38
727279,Rated Blitz game,1/2-1/2,0.77,4,1991.0,180,2,-0.0666666666666666,0.6166666666666667,0.6833333333333333,1.1111111111111112,Qxe4,False,39
727279,Rated Blitz game,1/2-1/2,0.87,4,1991.0,180,2,-0.0666666666666666,0.6166666666666667,0.6833333333333333,1.1222222222222222,Qxb5,False,40
727279,Rated Blitz game,1/2-1/2,0.7,4,1991.0,180,2,-0.0777777777777777,0.6055555555555555,0.6833333333333333,1.1444444444444444,Rab1,False,41
727279,Rated Blitz game,1/2-1/2,1.2,4,1991.0,180,2,-0.0611111111111111,0.6055555555555555,0.6666666666666666,1.1722222222222225,Qc5,False,42
727279,Rated Blitz game,1/2-1/2,1.16,4,1991.0,180,2,-0.0722222222222222,0.5944444444444444,0.6666666666666666,1.1944444444444444,Rxb7,False,43
727279,Rated Blitz game,1/2-1/2,1.47,4,1991.0,180,2,-0.0555555555555555,0.5944444444444444,0.65,1.2222222222222223,Qxa3,False,44
727279,Rated Blitz game,1/2-1/2,1.31,4,1991.0,180,2,-0.0722222222222222,0.5777777777777777,0.65,1.25,Rxg7+,False,45
727279,Rated Blitz game,1/2-1/2,1.38,4,1991.0,180,2,-0.0833333333333333,0.5777777777777777,0.6611111111111111,1.25,Kxg7,False,46
727279,Rated Blitz game,1/2-1/2,1.31,4,1991.0,180,2,-0.0777777777777777,0.5833333333333334,0.6611111111111111,1.2555555555555555,Qxa8,False,47
727279,Rated Blitz game,1/2-1/2,1.38,4,1991.0,180,2,-0.0555555555555555,0.5833333333333334,0.6388888888888888,1.288888888888889,a4,False,48
727279,Rated Blitz game,1/2-1/2,1.96,4,1991.0,180,2,-0.1333333333333333,0.5055555555555555,0.6388888888888888,1.3777777777777778,Qa7+,False,49
727279,Rated Blitz game,1/2-1/2,2.02,4,1991.0,180,2,-0.1222222222222222,0.5055555555555555,0.6277777777777778,1.4,Kg6,False,50
727279,Rated Blitz game,1/2-1/2,2.03,4,1991.0,180,2,-0.1222222222222222,0.5055555555555555,0.6277777777777778,1.4111111111111112,Qd4,False,51
727279,Rated Blitz game,1/2-1/2,1.93,4,1991.0,180,2,-0.0944444444444444,0.5055555555555555,0.6,1.45,Qa2,False,52
727279,Rated Blitz game,1/2-1/2,1.93,4,1991.0,180,2,-0.1166666666666666,0.4833333333333333,0.6,1.4833333333333334,h4,False,53
727279,Rated Blitz game,1/2-1/2,2.26,4,1991.0,180,2,-0.1,0.4833333333333333,0.5833333333333334,1.511111111111111,a3,False,54
727279,Rated Blitz game,1/2-1/2,2.1,4,1991.0,180,2,-0.1777777777777777,0.4055555555555555,0.5833333333333334,1.6,h5+,False,55
727279,Rated Blitz game,1/2-1/2,2.07,4,1991.0,180,2,-0.1722222222222222,0.4055555555555555,0.5777777777777777,1.6166666666666667,Kg7,False,56
727279,Rated Blitz game,1/2-1/2,1.14,4,1991.0,180,2,-0.3,0.2777777777777778,0.5777777777777777,1.7555555555555555,Qe5,False,57
727279,Rated Blitz game,1/2-1/2,2.71,4,1991.0,180,2,-0.2,0.2777777777777778,0.4777777777777778,1.8666666666666667,Qc4,False,58
727279,Rated Blitz game,1/2-1/2,2.56,4,1991.0,180,2,-0.3166666666666666,0.1611111111111111,0.4777777777777778,1.9944444444444445,Rd1,False,59
727279,Rated Blitz game,1/2-1/2,2.48,4,1991.0,180,2,-0.2277777777777777,0.1611111111111111,0.3888888888888889,2.094444444444445,Qc6,False,60
727279,Rated Blitz game,1/2-1/2,1.87,4,1991.0,180,2,-0.3111111111111111,0.0777777777777777,0.3888888888888889,2.188888888888889,h6+,False,61
727279,Rated Blitz game,1/2-1/2,1.67,4,1991.0,180,2,-0.3111111111111111,0.0777777777777777,0.3888888888888889,2.2,Kf7,False,62
727279,Rated Blitz game,1/2-1/2,1.15,4,1991.0,180,2,-0.3277777777777778,0.0611111111111111,0.3888888888888889,2.227777777777778,Qg5,False,63
727279,Rated Blitz game,1/2-1/2,1.12,4,1991.0,180,2,-0.3166666666666666,0.0611111111111111,0.3777777777777777,2.25,Rg6,False,64
727279,Rated Blitz game,1/2-1/2,1.06,4,1991.0,180,2,-0.3166666666666666,0.0611111111111111,0.3777777777777777,2.261111111111111,Qf4+,False,65
727279,Rated Blitz game,1/2-1/2,1.1,4,1991.0,180,2,-0.3166666666666666,0.0611111111111111,0.3777777777777777,2.272222222222222,Rf6,False,66
727279,Rated Blitz game,1/2-1/2,1.0,4,1991.0,180,2,-0.3166666666666666,0.0611111111111111,0.3777777777777777,2.283333333333333,Qg5,False,67
727279,Rated Blitz game,1/2-1/2,0.98,4,1991.0,180,2,-0.3222222222222222,0.0611111111111111,0.3833333333333333,2.2888888888888888,Rg6,False,68
727279,Rated Blitz game,1/2-1/2,0.97,4,1991.0,180,2,-0.3166666666666666,0.0666666666666666,0.3833333333333333,2.2944444444444443,Qf4+,False,69
727279,Rated Blitz game,1/2-1/2,1.23,4,1991.0,180,2,-0.3222222222222222,0.0666666666666666,0.3888888888888889,2.3,Rf6,False,70
727279,Rated Blitz game,1/2-1/2,0.0,4,1991.0,180,2,-0.3166666666666666,0.0722222222222222,0.3888888888888889,2.305555555555556,Qg5,False,71
835504,Rated Classical game,1/2-1/2,0.22,-37,2074.5,600,0,0.0,1.0,1.0,0.0,d4,False,1
835504,Rated Classical game,1/2-1/2,0.19,-37,2074.5,600,0,0.0,1.0,1.0,0.0,d5,False,2
835504,Rated Classical game,1/2-1/2,0.17,-37,2074.5,600,0,-0.0016666666666666,0.9983333333333332,1.0,0.0016666666666666,c4,False,3
835504,Rated Classical game,1/2-1/2,0.21,-37,2074.5,600,0,0.005,0.9983333333333332,0.9933333333333332,0.0083333333333333,e6,False,4
835504,Rated Classical game,1/2-1/2,0.24,-37,2074.5,600,0,0.0033333333333333,0.9966666666666668,0.9933333333333332,0.01,Nc3,False,5
835504,Rated Classical game,1/2-1/2,0.36,-37,2074.5,600,0,0.0066666666666666,0.9966666666666668,0.99,0.0133333333333333,c5,False,6
835504,Rated Classical game,1/2-1/2,0.36,-37,2074.5,600,0,-0.0016666666666666,0.9883333333333332,0.99,0.0216666666666666,cxd5,False,7
835504,Rated Classical game,1/2-1/2,0.47,-37,2074.5,600,0,0.0016666666666666,0.9883333333333332,0.9866666666666668,0.025,exd5,False,8
835504,Rated Classical game,1/2-1/2,0.12,-37,2074.5,600,0,-0.0016666666666666,0.985,0.9866666666666668,0.0283333333333333,dxc5,False,9
835504,Rated Classical game,1/2-1/2,0.21,-37,2074.5,600,0,0.0,0.985,0.985,0.03,d4,False,10
835504,Rated Classical game,1/2-1/2,0.16,-37,2074.5,600,0,-0.0016666666666666,0.9833333333333332,0.985,0.0316666666666666,Ne4,False,11
835504,Rated Classical game,1/2-1/2,0.41,-37,2074.5,600,0,0.005,0.9833333333333332,0.9783333333333334,0.0383333333333333,Bf5,False,12
835504,Rated Classical game,1/2-1/2,0.45,-37,2074.5,600,0,0.0016666666666666,0.98,0.9783333333333334,0.0416666666666666,Ng3,False,13
835504,Rated Classical game,1/2-1/2,0.58,-37,2074.5,600,0,0.0033333333333333,0.98,0.9766666666666668,0.0433333333333333,Bg6,False,14
835504,Rated Classical game,1/2-1/2,0.4,-37,2074.5,600,0,-0.0066666666666666,0.97,0.9766666666666668,0.0533333333333333,e4,False,15
835504,Rated Classical game,1/2-1/2,0.5,-37,2074.5,600,0,-0.0016666666666666,0.97,0.9716666666666668,0.0583333333333333,Bxc5,False,16
835504,Rated Classical game,1/2-1/2,0.03,-37,2074.5,600,0,-0.0566666666666666,0.915,0.9716666666666668,0.1133333333333333,Bb5+,False,17
835504,Rated Classical game,1/2-1/2,0.06,-37,2074.5,600,0,-0.0516666666666666,0.915,0.9666666666666668,0.1183333333333333,Nc6,False,18
835504,Rated Classical game,1/2-1/2,0.01,-37,2074.5,600,0,-0.055,0.9116666666666666,0.9666666666666668,0.1216666666666666,Bxc6+,False,19
835504,Rated Classical game,1/2-1/2,0.2,-37,2074.5,600,0,-0.05,0.9116666666666666,0.9616666666666668,0.1266666666666666,bxc6,False,20
835504,Rated Classical game,1/2-1/2,0.25,-37,2074.5,600,0,-0.1516666666666666,0.81,0.9616666666666668,0.2283333333333333,Nf3,False,21
835504,Rated Classical game,1/2-1/2,0.55,-37,2074.5,600,0,-0.1333333333333333,0.81,0.9433333333333334,0.2466666666666666,Nf6,False,22
835504,Rated Classical game,1/2-1/2,-0.46,-37,2074.5,600,0,-0.1516666666666666,0.7916666666666666,0.9433333333333334,0.265,e5,False,23
835504,Rated Classical game,1/2-1/2,-0.35,-37,2074.5,600,0,-0.0883333333333333,0.7916666666666666,0.88,0.3283333333333333,Ne4,False,24
835504,Rated Classical game,1/2-1/2,-0.47,-37,2074.5,600,0,-0.1166666666666666,0.7633333333333333,0.88,0.3566666666666667,O-O,False,25
835504,Rated Classical game,1/2-1/2,-0.48,-37,2074.5,600,0,-0.1033333333333333,0.7633333333333333,0.8666666666666667,0.37,Nxg3,False,26
835504,Rated Classical game,1/2-1/2,-0.54,-37,2074.5,600,0,-0.1083333333333333,0.7583333333333333,0.8666666666666667,0.375,hxg3,False,27
835504,Rated Classical game,1/2-1/2,-0.53,-37,2074.5,600,0,-0.1033333333333333,0.7583333333333333,0.8616666666666667,0.38,O-O,False,28
835504,Rated Classical game,1/2-1/2,-0.75,-37,2074.5,600,0,-0.1266666666666666,0.735,0.8616666666666667,0.4033333333333333,Qa4,False,29
835504,Rated Classical game,1/2-1/2,-0.74,-37,2074.5,600,0,-0.1183333333333333,0.735,0.8533333333333334,0.4116666666666667,Qd5,False,30
835504,Rated Classical game,1/2-1/2,-0.79,-37,2074.5,600,0,-0.2333333333333333,0.62,0.8533333333333334,0.5266666666666666,b4,False,31
835504,Rated Classical game,1/2-1/2,-0.86,-37,2074.5,600,0,-0.2266666666666666,0.62,0.8466666666666667,0.5333333333333333,Bb6,False,32
835504,Rated Classical game,1/2-1/2,-0.8,-37,2074.5,600,0,-0.245,0.6016666666666667,0.8466666666666667,0.5516666666666666,Bf4,False,33
835504,Rated Classical game,1/2-1/2,-0.79,-37,2074.5,600,0,-0.225,0.6016666666666667,0.8266666666666667,0.5716666666666667,Be4,False,34
835504,Rated Classical game,1/2-1/2,-1.77,-37,2074.5,600,0,-0.3216666666666666,0.505,0.8266666666666667,0.6683333333333333,Qd1,False,35
835504,Rated Classical game,1/2-1/2,-0.18,-37,2074.5,600,0,-0.3083333333333333,0.505,0.8133333333333334,0.6816666666666666,Bxf3,False,36
835504,Rated Classical game,1/2-1/2,-0.12,-37,2074.5,600,0,-0.3133333333333333,0.5,0.8133333333333334,0.6866666666666666,Qxf3,False,37
835504,Rated Classical game,1/2-1/2,-0.06,-37,2074.5,600,0,-0.31,0.5,0.81,0.69,Qxf3,False,38
835504,Rated Classical game,1/2-1/2,-0.16,-37,2074.5,600,0,-0.3116666666666666,0.4983333333333333,0.81,0.6916666666666667,gxf3,False,39
835504,Rated Classical game,1/2-1/2,-0.03,-37,2074.5,600,0,-0.3016666666666667,0.4983333333333333,0.8,0.7016666666666667,Rfe8,False,40
835504,Rated Classical game,1/2-1/2,-0.08,-37,2074.5,600,0,-0.31,0.49,0.8,0.71,Rac1,False,41
835504,Rated Classical game,1/2-1/2,0.52,-37,2074.5,600,0,-0.3033333333333333,0.49,0.7933333333333333,0.7166666666666667,Rac8,False,42
835504,Rated Classical game,1/2-1/2,-0.09,-37,2074.5,600,0,-0.3083333333333333,0.485,0.7933333333333333,0.7216666666666667,a4,False,43
835504,Rated Classical game,1/2-1/2,0.68,-37,2074.5,600,0,-0.3016666666666667,0.485,0.7866666666666666,0.7283333333333334,a6,False,44
835504,Rated Classical game,1/2-1/2,0.32,-37,2074.5,600,0,-0.3183333333333333,0.4683333333333333,0.7866666666666666,0.745,a5,False,45
835504,Rated Classical game,1/2-1/2,0.32,-37,2074.5,600,0,-0.315,0.4683333333333333,0.7833333333333333,0.7483333333333333,Ba7,False,46
835504,Rated Classical game,1/2-1/2,0.0,-37,2074.5,600,0,-0.3266666666666666,0.4566666666666666,0.7833333333333333,0.76,Rfd1,False,47
835504,Rated Classical game,1/2-1/2,0.0,-37,2074.5,600,0,-0.3116666666666666,0.4566666666666666,0.7683333333333333,0.775,c5,False,48
835504,Rated Classical game,1/2-1/2,0.0,-37,2074.5,600,0,-0.325,0.4433333333333333,0.7683333333333333,0.7883333333333333,bxc5,False,49
835504,Rated Classical game,1/2-1/2,0.0,-37,2074.5,600,0,-0.315,0.4433333333333333,0.7583333333333333,0.7983333333333333,Rxc5,False,50
835504,Rated Classical game,1/2-1/2,0.0,-37,2074.5,600,0,-0.3183333333333333,0.44,0.7583333333333333,0.8016666666666666,Rxc5,False,51
835504,Rated Classical game,1/2-1/2,0.07,-37,2074.5,600,0,-0.315,0.44,0.755,0.805,Bxc5,False,52
835504,Rated Classical game,1/2-1/2,-0.2,-37,2074.5,600,0,-0.345,0.41,0.755,0.835,Rc1,False,53
835504,Rated Classical game,1/2-1/2,-0.24,-37,2074.5,600,0,-0.33,0.41,0.74,0.85,Bb4,False,54
835504,Rated Classical game,1/2-1/2,-0.69,-37,2074.5,600,0,-0.34,0.4,0.74,0.86,Rc6,False,55
835504,Rated Classical game,1/2-1/2,-0.34,-37,2074.5,600,0,-0.3283333333333333,0.4,0.7283333333333334,0.8716666666666667,d3,False,56
835504,Rated Classical game,1/2-1/2,-0.66,-37,2074.5,600,0,-0.3466666666666667,0.3816666666666666,0.7283333333333334,0.89,Kf1,False,57
835504,Rated Classical game,1/2-1/2,0.0,-37,2074.5,600,0,-0.31,0.3816666666666666,0.6916666666666667,0.9266666666666666,Bxa5,False,58
835504,Rated Classical game,1/2-1/2,0.05,-37,2074.5,600,0,-0.3183333333333333,0.3733333333333333,0.6916666666666667,0.935,Rxa6,False,59
835504,Rated Classical game,1/2-1/2,0.05,-37,2074.5,600,0,-0.295,0.3733333333333333,0.6683333333333333,0.9583333333333334,Bc3,False,60
835504,Rated Classical game,1/2-1/2,0.05,-37,2074.5,600,0,-0.3533333333333333,0.315,0.6683333333333333,1.0166666666666666,Rd6,False,61
835504,Rated Classical game,1/2-1/2,0.06,-37,2074.5,600,0,-0.3283333333333333,0.315,0.6433333333333333,1.0416666666666667,h6,False,62
835504,Rated Classical game,1/2-1/2,0.08,-37,2074.5,600,0,-0.335,0.3083333333333333,0.6433333333333333,1.0483333333333331,Rxd3,False,63
835504,Rated Classical game,1/2-1/2,0.08,-37,2074.5,600,0,-0.3283333333333333,0.3083333333333333,0.6366666666666667,1.055,Bxe5,False,64
835504,Rated Classical game,1/2-1/2,0.0,-37,2074.5,600,0,-0.335,0.3016666666666667,0.6366666666666667,1.0616666666666668,Bxe5,False,65
835504,Rated Classical game,1/2-1/2,0.0,-37,2074.5,600,0,-0.3316666666666666,0.3016666666666667,0.6333333333333333,1.065,Rxe5,False,66
835504,Rated Classical game,1/2-1/2,0.0,-37,2074.5,600,0,-0.335,0.2983333333333333,0.6333333333333333,1.0683333333333334,f4,False,67
835504,Rated Classical game,1/2-1/2,0.0,-37,2074.5,600,0,-0.325,0.2983333333333333,0.6233333333333333,1.0783333333333334,Ra5,False,68
835504,Rated Classical game,1/2-1/2,0.0,-37,2074.5,600,0,-0.3316666666666666,0.2916666666666667,0.6233333333333333,1.085,Kg2,False,69
835504,Rated Classical game,1/2-1/2,0.0,-37,2074.5,600,0,-0.3266666666666666,0.2916666666666667,0.6183333333333333,1.09,g6,False,70
835504,Rated Classical game,1/2-1/2,0.0,-37,2074.5,600,0,-0.3333333333333333,0.285,0.6183333333333333,1.096666666666667,g4,False,71
835504,Rated Classical game,1/2-1/2,0.0,-37,2074.5,600,0,-0.3283333333333333,0.285,0.6133333333333333,1.1016666666666666,Kg7,False,72
835504,Rated Classical game,1/2-1/2,0.0,-37,2074.5,600,0,-0.335,0.2783333333333333,0.6133333333333333,1.1083333333333334,Rd6,False,73
835504,Rated Classical game,1/2-1/2,0.0,-37,2074.5,600,0,-0.3233333333333333,0.2783333333333333,0.6016666666666667,1.12,Rb5,False,74
835504,Rated Classical game,1/2-1/2,0.0,-37,2074.5,600,0,-0.325,0.2766666666666666,0.6016666666666667,1.1216666666666666,Kg3,False,75
835504,Rated Classical game,1/2-1/2,0.0,-37,2074.5,600,0,-0.32,0.2766666666666666,0.5966666666666667,1.1266666666666667,Ra5,False,76
835504,Rated Classical game,1/2-1/2,0.0,-37,2074.5,600,0,-0.3283333333333333,0.2683333333333333,0.5966666666666667,1.135,f3,False,77
835504,Rated Classical game,1/2-1/2,0.0,-37,2074.5,600,0,-0.325,0.2683333333333333,0.5933333333333334,1.1383333333333334,Rb5,False,78
835504,Rated Classical game,1/2-1/2,0.0,-37,2074.5,600,0,-0.3283333333333333,0.265,0.5933333333333334,1.1416666666666666,Rc6,False,79
835504,Rated Classical game,1/2-1/2,0.0,-37,2074.5,600,0,-0.325,0.265,0.59,1.145,Ra5,False,80
835504,Rated Classical game,1/2-1/2,0.0,-37,2074.5,600,0,-0.325,0.265,0.59,1.145,Rd6,False,81
835504,Rated Classical game,1/2-1/2,0.0,-37,2074.5,600,0,-0.3183333333333333,0.265,0.5833333333333334,1.1516666666666666,Ra1,False,82
835504,Rated Classical game,1/2-1/2,0.0,-37,2074.5,600,0,-0.3216666666666666,0.2616666666666666,0.5833333333333334,1.155,Rc6,False,83
835504,Rated Classical game,1/2-1/2,0.0,-37,2074.5,600,0,-0.3066666666666666,0.2616666666666666,0.5683333333333334,1.17,Ra7,False,84
835504,Rated Classical game,1/2-1/2,0.0,-37,2074.5,600,0,-0.31,0.2583333333333333,0.5683333333333334,1.1733333333333331,Rb6,False,85
835504,Rated Classical game,1/2-1/2,0.0,-37,2074.5,600,0,-0.3033333333333333,0.2583333333333333,0.5616666666666666,1.18,f5,False,86
835504,Rated Classical game,1/2-1/2,0.0,-37,2074.5,600,0,-0.3216666666666666,0.24,0.5616666666666666,1.1983333333333333,gxf5,False,87
835504,Rated Classical game,1/2-1/2,0.0,-37,2074.5,600,0,-0.3166666666666666,0.24,0.5566666666666666,1.2033333333333334,gxf5,False,88
835504,Rated Classical game,1/2-1/2,0.0,-37,2074.5,600,0,-0.3366666666666666,0.22,0.5566666666666666,1.2233333333333334,Kh4,False,89
835504,Rated Classical game,1/2-1/2,0.0,-37,2074.5,600,0,-0.3316666666666666,0.22,0.5516666666666666,1.2283333333333333,Ra1,False,90
835504,Rated Classical game,1/2-1/2,0.0,-37,2074.5,600,0,-0.335,0.2166666666666666,0.5516666666666666,1.231666666666667,Rb7+,False,91
835504,Rated Classical game,1/2-1/2,0.0,-37,2074.5,600,0,-0.33,0.2166666666666666,0.5466666666666666,1.2366666666666666,Kg6,False,92
835504,Rated Classical game,1/2-1/2,0.0,-37,2074.5,600,0,-0.335,0.2116666666666666,0.5466666666666666,1.2416666666666667,Rb6+,False,93
835504,Rated Classical game,1/2-1/2,0.0,-37,2074.5,600,0,-0.3333333333333333,0.2116666666666666,0.545,1.2433333333333334,Kg7,False,94
835504,Rated Classical game,1/2-1/2,0.0,-37,2074.5,600,0,-0.3366666666666666,0.2083333333333333,0.545,1.2466666666666666,Rb7+,False,95
835504,Rated Classical game,1/2-1/2,0.0,-37,2074.5,600,0,-0.3333333333333333,0.2083333333333333,0.5416666666666666,1.25,Kg6,False,96
835504,Rated Classical game,1/2-1/2,0.0,-37,2074.5,600,0,-0.335,0.2066666666666666,0.5416666666666666,1.2516666666666667,Rb6+,False,97
835504,Rated Classical game,1/2-1/2,0.0,-37,2074.5,600,0,-0.335,0.2066666666666666,0.5416666666666666,1.2516666666666667,Kg7,False,98
863529,Rated Blitz game,0-1,0.24,-226,1652.0,300,0,0.0,1.0,1.0,0.0,d4,False,1
863529,Rated Blitz game,0-1,0.21,-226,1652.0,300,0,0.0,1.0,1.0,0.0,Nf6,False,2
863529,Rated Blitz game,0-1,0.16,-226,1652.0,300,0,-0.0333333333333333,0.9666666666666668,1.0,0.0333333333333333,Nf3,False,3
863529,Rated Blitz game,0-1,0.68,-226,1652.0,300,0,-0.01,0.9666666666666668,0.9766666666666668,0.0566666666666666,Nc6,False,4
863529,Rated Blitz game,0-1,0.29,-226,1652.0,300,0,-0.0333333333333333,0.9433333333333334,0.9766666666666668,0.08,Bg5,False,5
863529,Rated Blitz game,0-1,0.33,-226,1652.0,300,0,-0.0266666666666666,0.9433333333333334,0.97,0.0866666666666666,d5,False,6
863529,Rated Blitz game,0-1,0.17,-226,1652.0,300,0,-0.07,0.9,0.97,0.13,e3,False,7
863529,Rated Blitz game,0-1,0.33,-226,1652.0,300,0,-0.06,0.9,0.96,0.14,Bg4,False,8
863529,Rated Blitz game,0-1,0.0,-226,1652.0,300,0,-0.07,0.89,0.96,0.15,h3,False,9
863529,Rated Blitz game,0-1,0.0,-226,1652.0,300,0,-0.04,0.89,0.93,0.18,Bxf3,False,10
863529,Rated Blitz game,0-1,-0.05,-226,1652.0,300,0,-0.0533333333333333,0.8766666666666667,0.93,0.1933333333333333,Qxf3,False,11
863529,Rated Blitz game,0-1,0.0,-226,1652.0,300,0,-0.03,0.8766666666666667,0.9066666666666666,0.2166666666666666,Ne4,False,12
863529,Rated Blitz game,0-1,0.0,-226,1652.0,300,0,-0.0566666666666666,0.85,0.9066666666666666,0.2433333333333333,Bh4,False,13
863529,Rated Blitz game,0-1,0.31,-226,1652.0,300,0,-0.0266666666666666,0.85,0.8766666666666667,0.2733333333333333,Qd7,False,14
863529,Rated Blitz game,0-1,0.07,-226,1652.0,300,0,-0.0433333333333333,0.8333333333333334,0.8766666666666667,0.29,Bd3,False,15
863529,Rated Blitz game,0-1,0.15,-226,1652.0,300,0,-0.0166666666666666,0.8333333333333334,0.85,0.3166666666666666,g5,False,16
863529,Rated Blitz game,0-1,-2.03,-226,1652.0,300,0,-0.0266666666666666,0.8233333333333334,0.85,0.3266666666666666,Bxe4,False,17
863529,Rated Blitz game,0-1,-1.88,-226,1652.0,300,0,-0.0166666666666666,0.8233333333333334,0.84,0.3366666666666666,dxe4,False,18
863529,Rated Blitz game,0-1,-1.93,-226,1652.0,300,0,-0.0333333333333333,0.8066666666666666,0.84,0.3533333333333333,Qxe4,False,19
863529,Rated Blitz game,0-1,-1.92,-226,1652.0,300,0,-0.0266666666666666,0.8066666666666666,0.8333333333333334,0.36,gxh4,False,20
863529,Rated Blitz game,0-1,-2.62,-226,1652.0,300,0,-0.0366666666666666,0.7966666666666666,0.8333333333333334,0.37,Nd2,False,21
863529,Rated Blitz game,0-1,-2.54,-226,1652.0,300,0,-0.0266666666666666,0.7966666666666666,0.8233333333333334,0.38,O-O-O,False,22
863529,Rated Blitz game,0-1,-2.5,-226,1652.0,300,0,-0.0333333333333333,0.79,0.8233333333333334,0.3866666666666666,Qxh4,False,23
863529,Rated Blitz game,0-1,-1.72,-226,1652.0,300,0,-0.0166666666666666,0.79,0.8066666666666666,0.4033333333333333,f6,False,24
863529,Rated Blitz game,0-1,-1.77,-226,1652.0,300,0,-0.0233333333333333,0.7833333333333333,0.8066666666666666,0.41,O-O-O,False,25
863529,Rated Blitz game,0-1,-1.67,-226,1652.0,300,0,-0.02,0.7833333333333333,0.8033333333333333,0.4133333333333333,h5,False,26
863529,Rated Blitz game,0-1,-3.07,-226,1652.0,300,0,-0.0233333333333333,0.78,0.8033333333333333,0.4166666666666667,f4,False,27
863529,Rated Blitz game,0-1,-2.43,-226,1652.0,300,0,-0.0066666666666666,0.78,0.7866666666666666,0.4333333333333333,Qd5,False,28
863529,Rated Blitz game,0-1,-3.11,-226,1652.0,300,0,-0.02,0.7666666666666667,0.7866666666666666,0.4466666666666666,Kb1,False,29
863529,Rated Blitz game,0-1,-3.01,-226,1652.0,300,0,-0.0033333333333333,0.7666666666666667,0.77,0.4633333333333333,Nb4,False,30
863529,Rated Blitz game,0-1,-2.99,-226,1652.0,300,0,-0.01,0.76,0.77,0.47,Nb3,False,31
863529,Rated Blitz game,0-1,-3.04,-226,1652.0,300,0,0.02,0.76,0.74,0.5,Qxg2,False,32
863529,Rated Blitz game,0-1,-6.72,-226,1652.0,300,0,0.0166666666666666,0.7566666666666667,0.74,0.5033333333333333,Rhg1,False,33
863529,Rated Blitz game,0-1,-6.58,-226,1652.0,300,0,0.0233333333333333,0.7566666666666667,0.7333333333333333,0.51,Qxc2+,False,34
863529,Rated Blitz game,0-1,-6.42,-226,1652.0,300,0,0.0166666666666666,0.75,0.7333333333333333,0.5166666666666667,Ka1,False,35
863529,Rated Blitz game,0-1,-3.64,-226,1652.0,300,0,0.0466666666666666,0.75,0.7033333333333334,0.5466666666666666,Nd3,False,36
863529,Rated Blitz game,0-1,-5.52,-226,1652.0,300,0,0.0233333333333333,0.7266666666666667,0.7033333333333334,0.57,Rb1,False,37
863529,Rated Blitz game,0-1,-5.35,-226,1652.0,300,0,0.0466666666666666,0.7266666666666667,0.68,0.5933333333333334,e5,False,38
863529,Rated Blitz game,0-1,-15.15,-226,1652.0,300,0,0.0366666666666666,0.7166666666666667,0.68,0.6033333333333334,fxe5,False,39
863529,Rated Blitz game,0-1,-4.72,-226,1652.0,300,0,0.06,0.7166666666666667,0.6566666666666666,0.6266666666666667,fxe5,False,40
863529,Rated Blitz game,0-1,-12.0,-226,1652.0,300,0,0.05,0.7066666666666667,0.6566666666666666,0.6366666666666667,dxe5,True,41
863529,Rated Blitz game,0-1,-4.12,-226,1652.0,300,0,0.0733333333333333,0.7066666666666667,0.6333333333333333,0.66,Bb4,False,42
863529,Rated Blitz game,0-1,-11.32,-226,1652.0,300,0,0.0033333333333333,0.6366666666666667,0.6333333333333333,0.73,e6,False,43
863529,Rated Blitz game,0-1,-1.4,-226,1652.0,300,0,0.0133333333333333,0.6366666666666667,0.6233333333333333,0.74,Nxb2,False,44
863529,Rated Blitz game,0-1,-1.32,-226,1652.0,300,0,-0.02,0.6033333333333334,0.6233333333333333,0.7733333333333333,Qxb4,False,45
863529,Rated Blitz game,0-1,-1.25,-226,1652.0,300,0,0.0133333333333333,0.6033333333333334,0.59,0.8066666666666666,Nd3,False,46
863529,Rated Blitz game,0-1,-2.0,-226,1652.0,300,0,-0.0166666666666666,0.5733333333333334,0.59,0.8366666666666667,Qe4,True,47
863529,Rated Blitz game,0-1,-1.0,-226,1652.0,300,0,0.0,0.5733333333333334,0.5733333333333334,0.8533333333333334,Qc3+,True,48
863529,Rated Blitz game,0-1,-1.0,-226,1652.0,300,0,-0.01,0.5633333333333334,0.5733333333333334,0.8633333333333333,Rb2,True,49
877365,Rated Classical game,0-1,0.07,-257,1665.5,600,0,0.0,1.0,1.0,0.0,e4,False,1
877365,Rated Classical game,0-1,0.12,-257,1665.5,600,0,0.0,1.0,1.0,0.0,e6,False,2
877365,Rated Classical game,0-1,0.07,-257,1665.5,600,0,-0.0016666666666666,0.9983333333333332,1.0,0.0016666666666666,d4,False,3
877365,Rated Classical game,0-1,0.25,-257,1665.5,600,0,0.0,0.9983333333333332,0.9983333333333332,0.0033333333333333,d5,False,4
877365,Rated Classical game,0-1,0.0,-257,1665.5,600,0,-0.0016666666666666,0.9966666666666668,0.9983333333333332,0.005,e5,False,5
877365,Rated Classical game,0-1,0.0,-257,1665.5,600,0,0.0016666666666666,0.9966666666666668,0.995,0.0083333333333333,c5,False,6
877365,Rated Classical game,0-1,0.0,-257,1665.5,600,0,-0.005,0.99,0.995,0.015,c3,False,7
877365,Rated Classical game,0-1,0.21,-257,1665.5,600,0,-0.0016666666666666,0.99,0.9916666666666668,0.0183333333333333,Nc6,False,8
877365,Rated Classical game,0-1,-0.7,-257,1665.5,600,0,-0.0133333333333333,0.9783333333333334,0.9916666666666668,0.03,f4,False,9
877365,Rated Classical game,0-1,-0.42,-257,1665.5,600,0,0.0083333333333333,0.9783333333333334,0.97,0.0516666666666666,Nge7,False,10
877365,Rated Classical game,0-1,-0.95,-257,1665.5,600,0,0.005,0.975,0.97,0.055,Bb5,False,11
877365,Rated Classical game,0-1,-0.58,-257,1665.5,600,0,0.0116666666666666,0.975,0.9633333333333334,0.0616666666666666,Nf5,False,12
877365,Rated Classical game,0-1,-2.08,-257,1665.5,600,0,-0.005,0.9583333333333334,0.9633333333333334,0.0783333333333333,g4,False,13
877365,Rated Classical game,0-1,-2.14,-257,1665.5,600,0,0.0033333333333333,0.9583333333333334,0.955,0.0866666666666666,Qh4+,False,14
877365,Rated Classical game,0-1,-3.56,-257,1665.5,600,0,-0.0066666666666666,0.9483333333333334,0.955,0.0966666666666666,Kd2,False,15
877365,Rated Classical game,0-1,-0.53,-257,1665.5,600,0,0.0083333333333333,0.9483333333333334,0.94,0.1116666666666666,Qf2+,False,16
877365,Rated Classical game,0-1,-0.49,-257,1665.5,600,0,-0.0083333333333333,0.9316666666666666,0.94,0.1283333333333333,Qe2,False,17
877365,Rated Classical game,0-1,1.09,-257,1665.5,600,0,0.0866666666666666,0.9316666666666666,0.845,0.2233333333333333,Qxf4+,False,18
877365,Rated Classical game,0-1,-0.52,-257,1665.5,600,0,0.075,0.92,0.845,0.235,Kc2,False,19
877365,Rated Classical game,0-1,-0.52,-257,1665.5,600,0,0.0783333333333333,0.92,0.8416666666666667,0.2383333333333333,Nxd4+,False,20
877365,Rated Classical game,0-1,-0.73,-257,1665.5,600,0,0.0733333333333333,0.915,0.8416666666666667,0.2433333333333333,cxd4,False,21
877365,Rated Classical game,0-1,-0.55,-257,1665.5,600,0,0.0766666666666666,0.915,0.8383333333333334,0.2466666666666666,Qxd4,False,22
877365,Rated Classical game,0-1,-1.02,-257,1665.5,600,0,0.06,0.8983333333333333,0.8383333333333334,0.2633333333333333,Bxc6+,False,23
877365,Rated Classical game,0-1,-1.23,-257,1665.5,600,0,0.0633333333333333,0.8983333333333333,0.835,0.2666666666666666,bxc6,False,24
877365,Rated Classical game,0-1,-5.7,-257,1665.5,600,0,0.0483333333333333,0.8833333333333333,0.835,0.2816666666666667,Be3,False,25
877365,Rated Classical game,0-1,-2.02,-257,1665.5,600,0,0.0533333333333333,0.8833333333333333,0.83,0.2866666666666667,Qxe5,False,26
877365,Rated Classical game,0-1,-2.25,-257,1665.5,600,0,0.0333333333333333,0.8633333333333333,0.83,0.3066666666666666,Nc3,False,27
877365,Rated Classical game,0-1,-1.79,-257,1665.5,600,0,0.045,0.8633333333333333,0.8183333333333334,0.3183333333333333,d4,False,28
877365,Rated Classical game,0-1,-2.45,-257,1665.5,600,0,0.0,0.8183333333333334,0.8183333333333334,0.3633333333333333,Bxd4,False,29
877365,Rated Classical game,0-1,-2.34,-257,1665.5,600,0,0.0283333333333333,0.8183333333333334,0.79,0.3916666666666666,Qxe2+,False,30
877365,Rated Classical game,0-1,-3.76,-257,1665.5,600,0,0.0233333333333333,0.8133333333333334,0.79,0.3966666666666666,Ncxe2,False,31
877365,Rated Classical game,0-1,-3.58,-257,1665.5,600,0,0.025,0.8133333333333334,0.7883333333333333,0.3983333333333333,cxd4,False,32
877365,Rated Classical game,0-1,-3.71,-257,1665.5,600,0,0.0233333333333333,0.8116666666666666,0.7883333333333333,0.4,Nxd4,False,33
877365,Rated Classical game,0-1,-2.78,-257,1665.5,600,0,0.0366666666666666,0.8116666666666666,0.775,0.4133333333333333,Be7,False,34
877365,Rated Classical game,0-1,-6.8,-257,1665.5,600,0,0.0266666666666666,0.8016666666666666,0.775,0.4233333333333333,Nxc6,False,35
877365,Rated Classical game,0-1,-6.58,-257,1665.5,600,0,0.0316666666666666,0.8016666666666666,0.77,0.4283333333333333,Bb7,False,36
877365,Rated Classical game,0-1,-6.93,-257,1665.5,600,0,-0.025,0.745,0.77,0.485,Nxe7,False,37
877365,Rated Classical game,0-1,-6.79,-257,1665.5,600,0,-0.0216666666666666,0.745,0.7666666666666667,0.4883333333333333,Bxh1,False,38
877365,Rated Classical game,0-1,-7.05,-257,1665.5,600,0,-0.05,0.7166666666666667,0.7666666666666667,0.5166666666666667,Ne2,False,39
877365,Rated Classical game,0-1,-7.0,-257,1665.5,600,0,-0.0466666666666666,0.7166666666666667,0.7633333333333333,0.52,Be4+,False,40
877365,Rated Classical game,0-1,-7.36,-257,1665.5,600,0,-0.055,0.7083333333333334,0.7633333333333333,0.5283333333333333,Kc3,False,41
877365,Rated Classical game,0-1,-6.64,-257,1665.5,600,0,-0.04,0.7083333333333334,0.7483333333333333,0.5433333333333333,Rd8,False,42
877365,Rated Classical game,0-1,-7.45,-257,1665.5,600,0,-0.075,0.6733333333333333,0.7483333333333333,0.5783333333333334,Nd4,False,43
877365,Rated Classical game,0-1,-7.34,-257,1665.5,600,0,-0.0616666666666666,0.6733333333333333,0.735,0.5916666666666667,Kxe7,False,44
877365,Rated Classical game,0-1,-7.19,-257,1665.5,600,0,-0.0716666666666666,0.6633333333333333,0.735,0.6016666666666667,Re1,False,45
877365,Rated Classical game,0-1,-7.05,-257,1665.5,600,0,-0.0683333333333333,0.6633333333333333,0.7316666666666667,0.605,Bd5,False,46
877365,Rated Classical game,0-1,-7.52,-257,1665.5,600,0,-0.0733333333333333,0.6583333333333333,0.7316666666666667,0.61,a3,False,47
877365,Rated Classical game,0-1,-7.39,-257,1665.5,600,0,-0.07,0.6583333333333333,0.7283333333333334,0.6133333333333333,Rc8+,False,48
877365,Rated Classical game,0-1,-8.04,-257,1665.5,600,0,-0.0733333333333333,0.655,0.7283333333333334,0.6166666666666667,Kd3,False,49
877365,Rated Classical game,0-1,-7.9,-257,1665.5,600,0,-0.07,0.655,0.725,0.62,Rhd8,False,50
877365,Rated Classical game,0-1,-7.89,-257,1665.5,600,0,-0.08,0.645,0.725,0.63,Ke3,False,51
877365,Rated Classical game,0-1,-7.4,-257,1665.5,600,0,-0.0683333333333333,0.645,0.7133333333333334,0.6416666666666667,a5,False,52
877365,Rated Classical game,0-1,-7.8,-257,1665.5,600,0,-0.0866666666666666,0.6266666666666667,0.7133333333333334,0.66,h4,False,53
877365,Rated Classical game,0-1,-7.42,-257,1665.5,600,0,-0.0816666666666666,0.6266666666666667,0.7083333333333334,0.665,h5,False,54
877365,Rated Classical game,0-1,-7.35,-257,1665.5,600,0,-0.0866666666666666,0.6216666666666667,0.7083333333333334,0.67,gxh5,False,55
877365,Rated Classical game,0-1,-7.19,-257,1665.5,600,0,-0.0816666666666666,0.6216666666666667,0.7033333333333334,0.675,Rh8,False,56
877365,Rated Classical game,0-1,-8.26,-257,1665.5,600,0,-0.0916666666666666,0.6116666666666667,0.7033333333333334,0.685,Rg1,False,57
877365,Rated Classical game,0-1,-8.1,-257,1665.5,600,0,-0.0866666666666666,0.6116666666666667,0.6983333333333334,0.69,Rxh5,False,58
877365,Rated Classical game,0-1,-8.42,-257,1665.5,600,0,-0.0916666666666666,0.6066666666666667,0.6983333333333334,0.695,Rxg7,False,59
877365,Rated Classical game,0-1,-8.25,-257,1665.5,600,0,-0.0883333333333333,0.6066666666666667,0.695,0.6983333333333334,Rxh4,False,60
877365,Rated Classical game,0-1,-15.0,-257,1665.5,600,0,-0.1,0.595,0.695,0.71,Nf3,True,61
877365,Rated Classical game,0-1,-22.0,-257,1665.5,600,0,-0.095,0.595,0.69,0.715,Rh3,True,62
877365,Rated Classical game,0-1,-6.0,-257,1665.5,600,0,-0.1266666666666666,0.5633333333333334,0.69,0.7466666666666667,Kf2,True,63
877365,Rated Classical game,0-1,-6.0,-257,1665.5,600,0,-0.1233333333333333,0.5633333333333334,0.6866666666666666,0.75,Rxf3+,True,64
877365,Rated Classical game,0-1,-4.0,-257,1665.5,600,0,-0.1283333333333333,0.5583333333333333,0.6866666666666666,0.755,Kg2,True,65
877365,Rated Classical game,0-1,-3.0,-257,1665.5,600,0,-0.1266666666666666,0.5583333333333333,0.685,0.7566666666666667,Rc2+,True,66
877365,Rated Classical game,0-1,-3.0,-257,1665.5,600,0,-0.1366666666666666,0.5483333333333333,0.685,0.7666666666666667,Kg1,True,67
877365,Rated Classical game,0-1,-2.0,-257,1665.5,600,0,-0.135,0.5483333333333333,0.6833333333333333,0.7683333333333333,Rd3,True,68
877365,Rated Classical game,0-1,-2.0,-257,1665.5,600,0,-0.1433333333333333,0.54,0.6833333333333333,0.7766666666666666,Rxf7+,True,69
877365,Rated Classical game,0-1,-1.0,-257,1665.5,600,0,-0.14,0.54,0.68,0.78,Kxf7,True,70
877365,Rated Classical game,0-1,-1.0,-257,1665.5,600,0,-0.1433333333333333,0.5366666666666666,0.68,0.7833333333333333,b4,True,71
